subject_id;birthdate;sex;Angina pectoris;Ankle swelling;Dyspnea (NYHA);Orthopnea;Palpitations;Paroxysmal nocturnal dyspnea;Reduced exercise tolerance;COVID19 results;CARDIATEAM group;Geographic origin;Other origin;COPD;Diabetic feet - History;Diabetic neuropathy;Microalbuminuria;Retinopathy;Sleep Apnea Syndrome - History;Type 2 diabetes;Type 2 diabetes diagnosis - Year;Diastolic blood pressure;Heart rate;Height;Hip;Systolic blood pressure;Waist;Weight;LV_peak_systolic_circ_strain;LV_peak_systolic_long_strain;LV_peak_systolic_rad_strain;ACEIs/ARBs;Aldosterone Receptor Antagonists;Alpha-glucosidase Inhibitors;Basal Insulin;Beta-blockers;Calcium Channel Blockers;DPP-4 Inhibitors;Fibrates;Glinides;Glitazones;GLP-1 Receptor Agonists;Insulin Pump;Loop Diuretics;Metformin (biguanides);Potassium Sparing Diuretics;SGLT-2 Inhibitors;Statins;Sulfonamides;Thiazides;B0 VISIT DATE
CAR19_01_000001;01/12/1905;female;0;0;I;0;1;0;0;;4-T2DM AND HFpEF;Africa;;0;0;;0;0;;1;2011;83;76;162;130;133;110;82;-15.1;-14.3;23.3;1;0;0;0;0;0;1;0;0;0;0;0;0;1;0;0;1;1;0;02/10/2020
CAR19_01_000002;01/06/1966;male;0;0;I;0;0;0;0;;1-no T2DM AND no HFpEF;Europe;;0;0;0;0;0;0;0;;77;69;180;117;124;116;89;;;;0;0;0;0;0;0;0;0;0;0;0;0;0;0;0;0;0;;0;30/10/2020
CAR19_01_000003;01/03/1970;male;0;0;I;0;0;0;0;negative;1-no T2DM AND no HFpEF;Northern Africa;;0;0;0;0;0;1;0;;75;57;179;112;110;107;91;-18;-15.9;29.7;0;0;0;0;0;0;0;0;0;0;0;0;0;0;0;0;1;0;0;01/12/2020
CAR19_01_000004;01/07/1948;female;0;1;II;0;0;0;1;;3-T2DM AND no HFpEF;Other;Outre-mer;0;0;1;0;0;1;1;2013;79;86;159;132;140;122;96;-21.4;-16.1;40.2;1;1;0;0;0;1;1;0;0;0;0;0;0;1;1;0;1;;1;07/12/2020
CAR19_01_000005;01/02/1962;male;0;0;I;0;0;0;0;negative;1-no T2DM AND no HFpEF;Europe;;0;0;0;0;0;0;0;;80;95;167;105;150;113;85;-19.8;-17.1;36.9;1;0;0;0;0;1;0;0;0;0;0;0;0;0;0;0;1;;0;11/12/2020
CAR19_01_000006;01/01/1948;male;0;0;I;0;0;0;1;;4-T2DM AND HFpEF;Asian;;1;0;0;0;0;0;1;1990;69;90;167;113;138;109;78;-17.9;-20.7;29.2;1;0;1;0;0;0;1;0;0;0;0;0;0;1;0;0;1;1;0;25/01/2021
CAR19_01_000007;01/10/1955;male;0;0;I;0;0;0;0;negative;3-T2DM AND no HFpEF;Northern Africa;;0;0;1;0;1;1;1;1995;68;81;187;120;137;122;112;-16.3;-14.51;26.8;1;0;0;1;0;1;0;0;1;0;1;0;0;1;0;0;1;0;1;14/01/2021
CAR19_01_000008;01/12/1960;female;0;0;;0;0;0;0;negative;3-T2DM AND no HFpEF;Africa;;0;0;0;0;0;1;1;1994;65;90;162;113;132;106;81;;;;0;0;0;1;0;0;0;0;0;0;0;0;0;1;0;0;1;;0;26/01/2021
CAR19_01_000009;01/11/1971;male;0;0;III;0;1;1;1;positive;3-T2DM AND no HFpEF;Afro-American;;0;0;1;1;1;0;1;2008;88;53;180;;144;;110;;;;1;0;0;0;0;1;0;0;1;0;1;0;0;1;0;0;1;1;1;22/01/2021
CAR19_01_000010;01/10/1957;female;0;0;I;0;0;0;0;negative;3-T2DM AND no HFpEF;Africa;;0;0;0;0;0;0;1;2012;70;76;160;;125;;88;;;;0;0;0;1;1;0;0;0;0;0;1;0;0;1;0;0;1;1;1;22/01/2021
CAR19_01_000011;01/04/1968;male;0;0;I;0;1;0;1;negative;3-T2DM AND no HFpEF;Northern Africa;;0;0;0;0;0;0;1;2021;73;70;175;101;130;98;85;;;;0;0;0;0;0;0;0;0;0;0;0;0;0;0;0;0;0;0;0;05/02/2021
CAR19_01_000012;01/01/1971;male;0;0;I;0;0;0;0;negative;3-T2DM AND no HFpEF;Northern Africa;;0;0;0;1;0;1;1;2006;86;58;169;100;143;96;76;-13.3;-8.94;19.9;1;0;0;1;0;0;1;0;1;0;0;0;0;1;0;0;0;;0;29/01/2021
CAR19_01_000013;01/01/1969;male;0;0;I;0;0;0;0;negative;3-T2DM AND no HFpEF;Europe;;0;0;0;0;0;1;1;2012;63;92;161;102;121;96;69;;;;1;0;0;1;0;1;1;0;0;0;1;0;0;1;0;0;1;1;1;29/01/2021
CAR19_01_000014;01/04/1962;female;0;0;I;0;0;0;0;negative;3-T2DM AND no HFpEF;Other;OUTRE-MER;0;0;0;0;0;1;1;2016;71;74;157;107;134;98;71;-18.1;-22.4;29.5;0;0;0;0;0;0;0;0;0;0;0;0;0;1;0;0;0;;0;04/02/2021
CAR19_01_000015;01/11/1958;male;1;0;I;0;1;0;1;negative;3-T2DM AND no HFpEF;Northern Africa;;0;0;1;1;1;1;1;1995;78;68;171;105;157;112;89;-18.8;-15.9;31.8;1;0;0;1;0;0;0;0;0;0;0;0;0;0;0;0;1;;1;11/02/2021
CAR19_01_000016;01/03/1965;female;0;0;II;0;1;0;1;negative;3-T2DM AND no HFpEF;;;0;0;0;0;0;0;1;2018;72;71;168;112;126;115;76;-17;-12.8;27.6;1;0;0;0;0;0;0;0;0;0;0;0;0;1;0;0;0;0;1;11/02/2021
CAR19_01_000017;01/01/1957;male;0;0;I;0;0;0;0;negative;1-no T2DM AND no HFpEF;Northern Africa;;0;0;0;0;0;1;0;;85;79;175;;114;;104;-15.8;-14.31;24.6;0;0;0;0;0;0;0;1;0;0;0;0;0;0;0;0;1;;0;12/02/2021
CAR19_01_000018;01/02/1966;female;0;0;I;0;0;0;1;negative;3-T2DM AND no HFpEF;Northern Africa;;0;0;0;0;0;0;1;1999;57;91;162;113;118;106;80;-17.1;-17.7;27.9;0;0;0;0;0;0;1;0;0;0;0;0;0;1;0;0;1;0;0;12/02/2021
CAR19_01_000019;01/09/1971;female;0;0;I;0;0;0;1;negative;3-T2DM AND no HFpEF;Northern Africa;;0;0;0;0;0;1;1;2018;80;81;158;;122;;68;-16.8;-13.8;26.5;1;0;0;0;0;0;0;0;0;0;0;0;0;1;0;0;1;;0;18/02/2021
CAR19_01_000020;01/03/1953;male;0;0;II;0;0;0;1;negative;1-no T2DM AND no HFpEF;Africa;;0;0;0;0;0;1;0;;105;53;159;102;199;95;64;-12.9;-13.7;18.1;0;0;0;0;0;0;0;0;0;0;0;0;0;0;0;0;1;0;0;19/02/2021
CAR19_01_000021;01/09/1962;male;0;0;;0;0;0;1;negative;1-no T2DM AND no HFpEF;Europe;;0;0;0;0;0;0;0;;76;78;176;97;106;88;66;-14.9;-16.02;22.4;0;0;0;0;0;0;0;0;0;0;0;0;0;0;0;0;1;;0;19/02/2021
CAR19_01_000022;01/11/1955;female;0;0;;0;0;0;0;negative;3-T2DM AND no HFpEF;Other;martinique;0;0;0;1;0;0;1;2003;81;57;167;;137;;62;-21.2;-20.9;38.3;1;0;0;0;0;1;0;0;0;0;0;1;0;0;0;0;1;0;1;12/03/2021
CAR19_01_000023;01/01/1957;female;0;0;;0;0;0;0;negative;3-T2DM AND no HFpEF;Northern Africa;;0;0;0;0;0;0;1;1987;73;82;150;91;157;82;46.5;-16.5;-12.8;25.7;1;0;0;0;0;0;1;0;0;0;0;0;0;1;0;0;1;1;0;15/03/2021
CAR19_01_000024;01/04/1972;male;0;0;;0;0;0;0;negative;1-no T2DM AND no HFpEF;Northern Africa;;0;0;0;0;0;0;0;;81;60;169;104;124;102;90;-17.5;-14.1;28.9;0;0;0;0;0;1;0;0;0;0;0;0;0;0;0;0;0;;0;19/03/2021
CAR19_01_000025;01/12/1957;male;0;0;II;0;0;0;0;negative;3-T2DM AND no HFpEF;Northern Africa;;0;0;0;0;1;0;1;2006;76;75;186;112;130;120;98;-14.4;-14.2;21;1;0;0;1;0;0;0;0;0;0;1;0;0;1;0;0;1;1;0;26/03/2021
CAR19_01_000026;01/08/1967;female;0;0;III;1;0;0;1;positive;1-no T2DM AND no HFpEF;Other;mauritius;0;0;0;0;0;0;0;;76;76;168;120;137;107;87.5;;;;1;0;0;0;0;0;0;1;0;0;0;0;0;0;0;0;0;0;1;09/04/2021
CAR19_01_000027;01/07/1966;male;0;0;I;0;0;0;0;negative;1-no T2DM AND no HFpEF;Europe;;0;0;0;0;0;0;0;;79;56;167;96;137;94;73;-19.3;-17.3;32.9;0;0;0;0;0;0;0;0;0;0;0;0;0;0;0;0;0;;0;16/04/2021
CAR19_01_000028;01/05/1961;male;0;1;I;0;0;0;0;negative;1-no T2DM AND no HFpEF;Other;MAURITIUS;0;0;0;0;0;1;0;;64;50;178;;157;;106;-21.2;-19.1;38.2;1;1;0;0;0;1;0;0;0;0;0;0;0;0;1;0;0;;0;23/04/2021
CAR19_01_000029;01/07/1967;male;0;0;I;0;0;0;0;negative;1-no T2DM AND no HFpEF;Europe;;0;0;0;0;0;0;0;;84;73;182;101;135;91;75;-19.1;-17.6;32;1;0;0;0;0;0;0;0;0;0;0;0;0;0;0;0;0;0;0;07/05/2021
CAR19_01_000030;01/12/1961;male;0;0;I;0;0;0;1;negative;1-no T2DM AND no HFpEF;Europe;;0;0;0;0;0;0;0;;73;55;173;100;121;98;75.5;-20.7;-16.2;37;0;0;0;0;1;0;0;0;0;0;0;0;0;0;0;0;1;0;0;17/05/2021
CAR19_01_000031;01/04/1965;female;0;0;II;0;0;0;1;negative;3-T2DM AND no HFpEF;Africa;;0;0;0;0;0;1;1;2016;96;84;164;105;152;103;82;-17.1;-13.2;27;1;0;0;0;0;1;0;0;0;0;0;0;0;1;0;0;0;1;0;21/05/2021
CAR19_01_000032;01/12/1964;female;1;0;II;0;1;1;1;negative;3-T2DM AND no HFpEF;Northern Africa;;0;0;0;0;0;0;1;2007;69;65;152;76;147;92;60;-21.4;-21.5;38.6;0;0;0;0;1;0;1;0;0;0;0;0;0;1;0;0;1;0;1;21/05/2021
CAR19_01_000033;01/09/1975;male;0;0;I;0;0;0;1;negative;1-no T2DM AND no HFpEF;Northern Africa;;0;0;0;0;0;0;0;;90;78;186;112;129;110;109;;;;0;0;0;0;0;0;0;0;0;0;0;0;0;0;0;0;0;0;0;28/05/2021
CAR19_01_000034;01/02/1956;male;0;0;I;0;0;0;0;negative;1-no T2DM AND no HFpEF;Other;WEST INDIES;0;0;0;0;0;0;0;;75;67;160;95;156;93;62;-15.2;-9.9;23.4;1;0;0;0;1;1;0;0;0;0;0;0;0;0;0;0;1;0;1;31/05/2021
CAR19_01_000035;01/12/1972;female;0;0;I;0;0;0;0;negative;1-no T2DM AND no HFpEF;Northern Africa;;0;0;0;0;0;0;0;;72;60;168;115;131;103;91.5;-19.1;-20.4;32.2;0;0;0;0;0;1;0;0;0;0;0;0;0;0;0;0;0;0;0;03/06/2021
CAR19_01_000036;01/03/1946;male;0;0;I;0;0;0;0;negative;3-T2DM AND no HFpEF;Europe;;0;0;0;0;0;0;1;2020;89;85;178;106;144;104;86.5;-18.8;-19.5;32.5;1;0;0;0;0;0;0;0;0;0;0;0;0;1;0;0;1;0;0;04/06/2021
CAR19_01_000037;01/06/1963;female;0;1;III;0;1;1;1;negative;3-T2DM AND no HFpEF;Northern Africa;;0;0;0;0;0;0;1;2000;51;66;164;114;121;110;82;;;;1;0;0;1;1;0;0;0;0;0;0;0;0;1;0;0;1;0;0;11/06/2021
CAR19_01_000038;01/09/1971;female;0;0;II;0;0;0;1;negative;1-no T2DM AND no HFpEF;Africa;;0;0;0;0;0;0;0;;44;79;158;87;98;77;57;-18.2;-12.9;29.5;0;0;0;0;0;0;0;0;0;0;0;0;0;0;0;0;0;0;0;11/06/2021
CAR19_01_000039;01/05/1958;female;0;0;I;0;0;0;0;negative;1-no T2DM AND no HFpEF;Europe;;0;0;0;0;0;1;0;;64;83;158;105;123;102;77;;;;1;0;0;0;1;0;0;0;0;0;0;0;0;0;0;0;0;0;1;11/06/2021
CAR19_01_000040;01/06/1959;male;0;0;I;0;0;0;0;negative;1-no T2DM AND no HFpEF;Europe;;0;0;0;0;0;1;0;;82;57;178;103;140;88;78;-16.2;-21.1;26;0;0;0;0;0;0;0;0;0;0;0;0;0;0;0;0;0;0;0;24/06/2021
CAR19_01_000041;01/10/1965;male;0;0;II;0;0;0;1;negative;1-no T2DM AND no HFpEF;Europe;;0;0;0;0;0;0;0;;65;56;177;101;110;99.6;82;-12.8;-10.1;19;0;0;0;0;0;0;0;0;0;0;0;0;0;0;0;0;1;0;0;25/06/2021
CAR19_01_000042;01/12/1957;male;0;0;I;0;0;0;1;negative;1-no T2DM AND no HFpEF;Europe;;0;0;0;0;0;;0;;82;50;175;103;138;97.5;83;-16.9;-13.5;27.1;1;0;0;0;0;0;0;0;0;0;0;0;0;0;0;0;0;0;0;08/07/2021
CAR19_01_000043;01/12/1966;male;0;0;I;0;0;0;0;negative;3-T2DM AND no HFpEF;Africa;;0;0;0;0;0;0;1;2015;88;85;169;102;130;98;84;-14;-14.8;20.6;1;0;0;1;0;1;1;0;0;0;0;0;0;1;0;0;0;0;0;03/09/2021
CAR19_01_000044;01/07/1957;female;0;0;I;0;0;0;0;negative;1-no T2DM AND no HFpEF;Europe;;0;0;0;0;0;0;0;;77;73;158;102;125;96;70;-15.1;-12.1;22.7;0;0;0;0;0;0;0;0;0;0;0;0;0;0;0;0;0;0;0;03/09/2021
CAR19_01_000045;01/12/1964;male;0;0;I;0;0;0;0;negative;1-no T2DM AND no HFpEF;Europe;;0;0;0;0;0;0;0;;82;53;182;120;117;103;92;-16;-17.2;25.2;0;0;0;0;0;1;0;0;0;0;0;0;0;0;0;0;0;0;0;03/09/2021
CAR19_01_000046;01/11/1948;male;0;0;I;0;0;0;0;negative;3-T2DM AND no HFpEF;Europe;;0;0;0;0;0;0;1;2012;81;62;170;;165;;74.3;-16.4;-12.8;26.1;0;0;0;0;1;0;0;0;0;0;0;0;0;1;0;0;1;1;0;17/09/2021
CAR19_01_000047;01/08/1961;male;0;0;I;1;0;0;1;negative;1-no T2DM AND no HFpEF;Europe;;0;0;0;0;0;0;0;;70;70;179;97;109;87;71;-19;-16.1;31.6;0;0;0;0;0;0;0;0;0;0;0;0;0;0;0;0;1;0;0;24/09/2021
CAR19_01_000048;01/01/1951;male;0;0;I;0;0;0;0;negative;1-no T2DM AND no HFpEF;Asian;;0;0;0;0;0;0;0;;85;56;165;85;149;82;58;;;;0;0;0;0;0;0;0;0;0;0;0;0;0;0;0;0;0;0;0;15/10/2021
CAR19_01_000049;01/09/1959;male;0;0;I;0;0;0;0;negative;1-no T2DM AND no HFpEF;Africa;;0;0;0;0;0;0;0;;90;67;179;124;130;120;112;;;;0;0;0;0;0;0;0;0;0;0;0;0;0;0;0;0;0;0;0;01/10/2021
CAR19_01_000050;01/09/1969;female;0;0;III;0;1;1;1;negative;3-T2DM AND no HFpEF;Northern Africa;;0;0;1;0;1;0;1;2011;70;76;160;98;140;83;61.9;;;;0;0;0;1;0;0;0;0;0;0;1;0;0;1;0;0;1;1;0;01/10/2021
CAR19_01_000051;01/09/1957;male;0;0;I;0;0;0;1;negative;3-T2DM AND no HFpEF;Europe;;;0;0;0;0;1;1;2012;80;92;155;104;140;109;85.1;-17.2;-9.6;27.1;1;0;0;0;0;0;0;1;0;0;1;0;0;1;0;0;0;0;0;14/10/2021
CAR19_01_000052;01/11/1962;female;1;0;I;0;1;0;1;negative;1-no T2DM AND no HFpEF;;;0;0;0;0;0;;0;;80;67;162;124;142;96;89.4;-20;-16.4;35.1;1;0;0;0;0;0;0;0;0;0;0;0;0;0;0;0;0;0;1;17/09/2021
CAR19_01_000053;01/09/1964;male;0;0;I;0;0;0;1;negative;3-T2DM AND no HFpEF;Europe;;0;0;0;0;0;1;1;2020;92;93;180;122;158;126;124.5;-16.8;-8.5;26.7;0;0;0;1;0;0;1;0;0;0;1;0;0;0;0;0;0;1;0;29/10/2021
CAR19_01_000054;01/03/1963;male;0;0;I;0;0;0;0;negative;3-T2DM AND no HFpEF;Europe;;0;0;0;0;0;;1;2010;94;86;168;76;143;88;73.2;-8.8;-5.8;10.9;0;0;0;0;0;0;0;0;0;0;0;0;0;1;0;0;0;1;0;29/10/2021
CAR19_01_000055;01/12/1955;female;0;0;;0;0;0;0;negative;3-T2DM AND no HFpEF;Other;antilles;0;0;0;0;0;0;1;2016;76;69;168;;122;;68.9;-18;-12.7;29.8;1;0;0;0;0;0;1;0;0;0;0;0;0;1;0;0;1;0;0;26/11/2021
CAR19_01_000056;01/01/1966;female;0;0;II;0;0;0;0;negative;1-no T2DM AND no HFpEF;Europe;;0;0;0;0;0;0;0;;;;155;;;;85.8;-16.3;-13.4;25.2;0;0;0;0;0;0;0;0;0;0;0;0;0;0;0;0;0;0;0;26/11/2021
CAR19_01_000057;01/10/1960;female;0;0;;0;0;0;0;negative;1-no T2DM AND no HFpEF;Africa;;0;0;0;0;0;1;0;;93;98;154;;146;;73.7;-18.2;-20.9;30.9;0;0;0;0;0;0;0;0;0;0;0;0;0;0;0;0;0;0;0;19/11/2021
CAR19_01_000058;01/01/1977;female;;;;;;;;negative;3-T2DM AND no HFpEF;Europe;;0;0;0;0;0;;1;2017;;;169;;;;84.2;;;;0;0;;;0;0;;0;;;;;0;1;0;;0;;0;04/02/2022
CAR19_01_000059;01/05/1963;male;;;;;;;;negative;1-no T2DM AND no HFpEF;;;0;0;0;0;0;;0;;93;60;171;;138;;80;;;;0;0;0;0;0;0;0;0;0;0;0;0;0;0;0;0;0;0;0;25/11/2021
CAR19_01_000060;01/11/1953;female;0;0;;0;1;0;0;negative;1-no T2DM AND no HFpEF;Other;MATINIC;0;0;0;0;0;;0;;84;55;171;;146;;105;-14.8;-13.1;21.6;0;0;0;0;1;0;0;0;0;0;0;0;0;0;0;0;0;0;0;29/11/2021
CAR19_01_000061;01/09/1958;female;;;;;;;;negative;1-no T2DM AND no HFpEF;Europe;;0;0;0;0;0;0;0;;75;59;165;;118;;62.9;-17.9;-17;28.8;0;0;0;0;0;0;0;0;0;0;0;0;0;0;0;0;0;0;0;29/11/2021
CAR19_01_000062;01/01/1974;male;0;0;;0;0;0;0;negative;1-no T2DM AND no HFpEF;;;0;0;0;0;0;;0;;76;65;180;;132;;110;-16.8;-14.8;25.3;0;0;0;0;1;1;0;0;0;0;0;0;0;0;0;0;1;0;0;02/12/2021
CAR19_01_000063;01/10/1957;female;0;0;;0;0;0;0;negative;1-no T2DM AND no HFpEF;Northern Africa;;0;0;0;0;0;0;0;;82;47;151;;141;;73.5;-17.7;-17.6;28.8;0;0;0;0;0;0;0;0;0;0;0;0;0;0;0;0;0;0;0;10/12/2021
CAR19_01_000064;01/06/1957;male;0;0;;0;0;0;0;negative;1-no T2DM AND no HFpEF;Europe;;0;0;0;0;0;;0;;80;50;166;;126;;75.6;;;;0;0;0;0;0;0;0;0;0;0;0;0;0;0;0;0;0;0;0;13/12/2021
CAR19_01_000065;01/11/1973;female;0;0;;0;0;0;0;negative;1-no T2DM AND no HFpEF;Europe;;0;0;0;0;0;;0;;79;65;159;;134;;55.7;;;;0;0;0;0;0;0;0;0;0;0;0;0;0;0;0;0;0;0;0;17/12/2021
CAR19_01_000066;01/06/1965;female;0;0;;0;0;0;0;negative;1-no T2DM AND no HFpEF;Europe;;0;0;0;0;0;;0;;70;60;182;;130;;108;;;;0;0;0;0;0;1;0;0;0;0;0;0;0;0;1;0;1;0;0;28/12/2021
CAR19_01_000067;01/10/1950;male;0;0;I;0;0;0;0;negative;1-no T2DM AND no HFpEF;Europe;;1;0;0;0;0;;0;;64;57;178;;116;;65.2;-16.4;-15.7;25.6;0;0;0;0;0;0;0;0;0;0;0;0;0;0;0;0;0;0;0;07/01/2022
CAR19_01_000068;01/06/1963;male;0;0;;0;0;0;0;negative;3-T2DM AND no HFpEF;Northern Africa;;0;0;0;0;0;;1;2003;86;79;174;;149;;99.5;-16.3;-12.4;25.6;0;0;0;0;0;0;0;0;1;0;1;0;0;1;0;0;1;0;0;28/01/2022
CAR19_01_000069;01/06/1962;male;0;0;;0;0;0;0;negative;1-no T2DM AND no HFpEF;Europe;;0;0;0;0;0;1;0;;84;54;175;;145;;118;;;;0;0;0;0;0;0;0;0;0;0;0;0;0;0;0;0;1;0;0;28/01/2022
CAR19_01_000070;01/09/1976;male;0;0;;0;0;0;0;negative;1-no T2DM AND no HFpEF;Europe;;0;0;0;0;0;;0;;87;65;186;;134;;100.8;-17.1;-9.9;27;0;0;0;0;0;0;0;0;0;0;0;0;0;0;0;0;0;0;0;24/01/2022
CAR19_01_000071;01/12/1964;male;0;0;;0;0;0;0;negative;1-no T2DM AND no HFpEF;Asian;;0;0;0;0;0;;0;;79;65;168;;126;;82.5;-15.3;-9.2;23.4;0;0;0;0;0;0;0;0;0;0;0;0;0;0;0;0;1;0;0;02/02/2022
CAR19_01_000072;01/09/1970;female;0;0;;0;0;0;0;negative;1-no T2DM AND no HFpEF;Europe;;0;0;0;0;0;0;0;;70;56;166;;117;;73;-18.7;-14.4;30.9;0;0;0;0;0;0;0;0;0;0;0;0;0;0;0;0;0;0;0;04/02/2022
CAR19_01_000073;01/08/1962;female;0;0;II;0;0;0;0;negative;3-T2DM AND no HFpEF;Africa;;0;0;0;0;0;0;1;2012;93;85;161;;140;;83;;;;0;0;0;0;0;0;0;0;0;0;1;0;1;1;0;0;0;1;0;04/02/2022
CAR19_01_000074;01/01/1968;male;0;0;;0;0;0;0;negative;1-no T2DM AND no HFpEF;Europe;;0;0;0;0;0;;0;;85;55;173;;131;;117;-20.3;-14.6;35.6;1;0;0;0;1;0;0;0;0;0;0;0;0;0;0;0;0;0;0;08/04/2022
CAR19_01_000075;01/07/1964;female;0;0;II;0;0;0;0;negative;3-T2DM AND no HFpEF;Europe;;0;0;0;0;0;0;1;2011;96;95;162;;146;;89;-16.3;-13.8;25.9;0;0;0;0;0;1;0;0;0;0;1;0;0;1;0;0;0;1;0;11/02/2022
CAR19_01_000076;01/06/1956;male;0;0;;0;0;0;0;negative;1-no T2DM AND no HFpEF;Northern Africa;;0;0;0;0;0;0;0;;85;55;183;;131;;87;-16.7;-15.2;26.4;1;0;0;0;1;1;0;0;0;0;0;0;1;0;0;0;0;0;0;11/03/2022
CAR19_01_000077;01/03/1965;male;0;0;;0;0;0;0;negative;1-no T2DM AND no HFpEF;Europe;;0;0;0;0;0;;0;;102;60;173;;148;;76.6;-16.8;-15.1;26.7;0;0;0;0;0;0;0;0;0;0;0;0;0;0;0;0;0;0;0;18/03/2022
CAR19_01_000078;01/06/1973;male;0;0;;0;0;0;0;negative;1-no T2DM AND no HFpEF;Northern Africa;;0;0;0;0;0;;0;;68;50;;;116;;;;;;0;0;0;0;0;0;0;0;0;0;0;0;0;0;0;0;0;0;0;21/02/2022
CAR19_01_000079;01/11/1963;male;0;0;;0;0;0;0;negative;1-no T2DM AND no HFpEF;Europe;;0;0;0;0;0;1;0;;85;65;172;;127;;87;;;;0;0;0;0;0;0;0;0;0;0;0;0;0;0;0;0;0;0;0;21/02/2022
CAR19_01_000080;01/11/1963;male;0;0;;0;0;0;0;negative;3-T2DM AND no HFpEF;Africa;;0;0;0;0;0;;1;2020;97;65;180;;149;;76;-16.2;-11.2;24.9;0;1;0;0;0;0;1;0;0;0;0;0;0;1;0;0;1;0;0;25/02/2022
CAR19_01_000081;01/09/1946;female;0;0;;0;0;0;0;negative;3-T2DM AND no HFpEF;Europe;;0;0;0;0;0;0;1;2006;74;72;162;;149;;84;-14.4;-9.8;21.5;1;0;0;1;0;0;0;0;0;0;1;0;0;1;0;0;1;1;0;07/03/2022
CAR19_01_000082;01/02/1961;male;0;0;;0;0;0;0;;1-no T2DM AND no HFpEF;Europe;;0;0;0;0;0;0;0;;50;76;173;;101;;70;-16.8;-14.8;26.2;0;0;0;0;0;0;0;0;0;0;0;0;0;0;0;0;0;0;0;11/03/2022
CAR19_01_000083;01/02/1968;female;0;0;;0;0;0;0;negative;1-no T2DM AND no HFpEF;Northern Africa;;0;0;0;0;0;1;0;;100;65;159;;152;;76;-16;-17.1;24.5;0;0;0;0;0;0;0;0;0;0;0;0;0;0;0;0;0;0;0;13/05/2022
CAR19_01_000084;01/05/1970;female;0;0;;0;0;0;0;negative;1-no T2DM AND no HFpEF;Europe;;0;0;0;0;0;0;0;;74;74;158;;125;;51;-19.7;-14;34.2;0;0;0;0;0;0;0;0;0;0;0;0;0;0;0;0;0;0;0;16/09/2022
CAR19_01_000085;01/10/1970;male;0;0;;0;0;0;0;positive;1-no T2DM AND no HFpEF;Europe;;0;0;0;0;0;0;0;;97;74;175;;147;;95;-17.4;-13.8;28.7;0;0;0;0;1;1;0;0;0;0;0;0;0;0;0;0;1;0;0;03/06/2022
CAR19_01_000086;01/11/1951;male;0;0;;0;0;0;0;negative;3-T2DM AND no HFpEF;Europe;;0;0;0;0;0;0;1;2018;74;75;162;;130;;50;-20.7;-18.8;36.8;0;0;0;0;0;0;0;0;0;0;0;0;0;1;0;0;0;0;0;01/04/2022
CAR19_01_000088;01/04/1961;male;0;0;;0;0;0;0;positive;1-no T2DM AND no HFpEF;Europe;;0;0;0;0;0;0;0;;86;60;180;;138;;83;;;;0;0;0;0;0;0;0;0;0;0;0;0;0;0;0;0;0;0;0;01/04/2022
CAR19_01_000089;01/02/1957;male;0;0;;0;0;0;0;negative;1-no T2DM AND no HFpEF;Europe;;0;0;0;0;0;0;0;;87;65;173;;128;;76;-16.4;-16.4;26.2;0;0;0;0;0;0;0;0;0;0;0;0;0;0;1;0;0;0;0;29/04/2022
CAR19_01_000090;01/04/1970;female;0;0;;0;0;0;0;negative;1-no T2DM AND no HFpEF;Europe;;0;0;0;0;0;0;0;;75;60;160;;115;;73;-17;-14.2;26.7;0;0;0;0;0;0;0;0;0;0;0;0;0;0;0;0;0;0;0;20/05/2022
CAR19_01_000091;01/11/1960;male;0;0;;0;0;0;0;negative;1-no T2DM AND no HFpEF;Europe;;0;0;0;0;0;1;0;;94;60;177;;139;;69;-16.5;-13.2;25.2;1;0;0;0;0;0;0;0;0;0;0;0;0;0;0;0;0;0;0;25/03/2022
CAR19_01_000092;01/12/1961;male;0;0;;0;0;0;0;negative;3-T2DM AND no HFpEF;Africa;;0;0;0;0;0;1;1;2002;74;87;177;;127;;78;-15.4;-12.8;23.3;1;0;0;0;0;0;1;0;0;0;0;0;0;1;0;0;0;0;0;03/06/2022
CAR19_01_000093;01/10/1968;female;0;0;;0;0;0;0;positive;1-no T2DM AND no HFpEF;Europe;;0;0;0;0;0;0;0;;78;55;168;;116;;57;-20.9;-20.2;37.2;0;0;0;0;0;0;0;0;0;0;0;0;0;0;0;0;0;0;0;22/04/2022
CAR19_01_000094;01/01/1970;male;0;0;;0;0;0;0;positive;1-no T2DM AND no HFpEF;Europe;;0;0;0;0;0;0;0;;71;65;174;;106;;82;-18.8;-17.3;31.4;0;0;0;0;0;0;0;0;0;0;0;0;0;0;0;0;1;0;0;03/06/2022
CAR19_01_000095;01/02/1973;female;0;0;;0;0;0;0;positive;1-no T2DM AND no HFpEF;Asian;;0;0;0;0;0;0;0;;79;60;149;;120;;59.6;-20.7;-15.6;37.6;0;0;0;0;0;0;0;0;0;0;0;0;0;0;0;0;0;0;0;29/03/2022
CAR19_01_000096;01/11/1967;male;0;0;;0;0;0;0;negative;1-no T2DM AND no HFpEF;Europe;;1;0;0;0;0;1;0;;97;60;178;;152;;108.5;-14.9;-13.1;22.5;0;0;0;0;0;0;0;0;0;0;0;0;0;0;0;0;0;0;0;30/03/2022
CAR19_01_000097;01/01/1950;male;0;0;;0;0;0;0;negative;3-T2DM AND no HFpEF;Europe;;0;0;0;1;1;0;1;2010;79;72;174;;138;;87.1;-16;-13.2;24.5;0;0;0;0;0;0;;0;;;0;0;0;1;0;0;1;0;0;30/03/2022
CAR19_01_000098;01/04/1949;male;0;0;;0;0;0;0;negative;1-no T2DM AND no HFpEF;Other;WEST INDIES;0;0;0;0;0;1;0;;64;55;168;;127;;70;-16;-14.3;24.4;0;0;0;0;0;0;0;0;0;0;0;0;0;0;0;0;0;0;0;13/04/2022
CAR19_01_000099;01/01/1957;male;0;0;;0;0;0;0;negative;1-no T2DM AND no HFpEF;Europe;;0;0;0;0;0;0;0;;82;60;;;134;;;-20.7;-18.4;32.9;0;0;0;0;1;0;0;0;0;0;0;0;0;0;0;0;1;0;0;04/04/2022
CAR19_01_000100;01/12/1975;male;0;0;I;0;0;0;0;negative;1-no T2DM AND no HFpEF;Europe;;0;0;0;0;0;;0;;92;70;180;;123;;82;;;;0;0;0;0;0;0;0;0;0;0;0;0;0;0;0;0;1;0;0;08/04/2022
CAR19_01_000102;01/04/1957;male;0;0;;0;0;0;0;positive;1-no T2DM AND no HFpEF;Europe;;0;0;0;0;0;1;0;;67;60;185;;115;;82;-17;-14.3;12.4;0;0;0;0;0;0;0;0;0;0;0;0;0;0;0;0;0;0;0;10/06/2022
CAR19_01_000103;01/11/1955;male;0;0;;0;1;0;0;negative;1-no T2DM AND no HFpEF;Europe;;0;0;0;0;0;1;0;;84;80;173;;151;;104;-16.8;-14.5;26.2;1;0;0;0;0;0;0;0;0;0;0;0;0;0;0;0;1;0;0;12/04/2022
CAR19_01_000104;01/11/1962;male;0;0;;0;0;0;0;negative;1-no T2DM AND no HFpEF;Africa;;0;0;0;0;0;1;0;;65;56;174;;122;;87;-15.6;-14.2;23.4;1;0;0;0;0;0;0;0;0;0;0;0;0;0;0;0;0;0;0;24/06/2022
CAR19_01_000105;01/09/1952;female;0;0;;0;0;0;0;negative;1-no T2DM AND no HFpEF;Europe;;0;0;0;0;0;1;0;;88;61;165;;164;;60;-17;-16;26.7;1;0;0;0;0;0;0;0;0;0;0;0;0;0;0;0;0;0;0;24/06/2022
CAR19_01_000106;01/02/1971;male;0;0;;0;0;0;0;positive;1-no T2DM AND no HFpEF;Europe;;0;0;0;0;0;;0;;86;65;175;;113;;79;-16.5;-11.6;25.9;0;0;0;0;0;0;0;0;0;0;0;0;0;0;0;0;0;0;0;17/06/2022
CAR19_01_000107;01/04/1952;male;0;0;;0;0;0;0;positive;3-T2DM AND no HFpEF;Other;Southern America;0;0;0;0;0;;1;2022;73;54;170;;111;;75;;;;0;0;0;0;0;0;1;0;1;0;0;0;0;0;0;0;0;0;0;24/06/2022
CAR19_01_000108;01/06/1968;female;0;0;;0;0;0;0;negative;1-no T2DM AND no HFpEF;Europe;;0;0;0;0;0;1;0;;78;93;167;;120;;72;-17.8;-13.3;29.1;1;0;0;0;0;0;0;0;0;0;0;0;0;0;0;0;1;0;0;06/09/2022
CAR19_01_000109;01/04/1977;male;0;0;;0;1;0;0;negative;1-no T2DM AND no HFpEF;Europe;;0;0;0;0;0;1;0;;90;75;185;;130;;95;-17.8;-11.6;28.6;0;0;0;0;0;0;0;0;0;0;0;0;0;0;0;0;0;0;0;06/05/2022
CAR19_01_000110;01/03/1952;male;0;0;;0;0;0;0;negative;1-no T2DM AND no HFpEF;Northern Africa;;0;0;0;0;0;;0;;84;50;173;;135;;92;-12.7;-11.5;18;1;0;0;0;0;0;1;0;0;0;0;0;0;0;0;0;1;0;0;06/05/2022
CAR19_01_000112;01/04/1962;male;0;0;;0;0;0;0;positive;3-T2DM AND no HFpEF;Other;martinique;0;0;0;0;0;1;1;2002;83;50;181;;122;;80;-20.7;-15.8;27;1;0;0;0;0;0;1;0;0;0;0;0;0;0;0;0;0;0;0;15/06/2022
CAR19_01_000113;01/11/1958;male;0;0;;0;0;0;0;negative;3-T2DM AND no HFpEF;Europe;;0;0;0;0;0;;1;2015;91;66;174;;142;;77;-16.4;-11.4;25;1;0;0;0;0;0;0;0;0;0;0;0;0;1;0;0;1;0;0;21/06/2022
CAR19_01_000114;01/01/1972;male;0;0;;0;0;0;0;positive;1-no T2DM AND no HFpEF;Europe;;0;0;0;0;0;1;0;;84;60;169;;131;;77;-15.9;-12.9;19.9;0;0;0;0;0;0;0;0;0;0;0;0;0;0;0;0;0;0;0;14/06/2022
CAR19_01_000115;01/05/1969;male;0;0;;0;0;0;0;negative;1-no T2DM AND no HFpEF;Europe;;0;0;0;0;0;;0;;92;53;182;;133;;98;;;;0;0;0;0;0;0;0;0;0;0;0;0;0;0;0;0;0;0;0;25/05/2022
CAR19_01_000116;01/03/1961;female;0;0;;0;0;0;0;negative;3-T2DM AND no HFpEF;Other;guadeloupe;0;0;0;0;1;;1;2004;78;65;164;;129;;65.6;-17;-10.7;26.7;1;0;0;1;0;1;0;0;0;0;0;0;0;1;0;0;1;0;0;13/05/2022
CAR19_01_000117;01/09/1950;female;0;0;;0;1;0;0;negative;3-T2DM AND no HFpEF;Europe;;0;0;0;0;0;;1;;64;45;149;;143;;59;-20.6;-18.2;37.7;1;0;0;0;0;0;0;0;0;0;0;0;0;1;0;0;0;0;0;05/07/2022
CAR19_01_000118;01/02/1971;female;0;0;;0;0;0;0;negative;1-no T2DM AND no HFpEF;Europe;;0;0;0;0;0;;0;;93;55;154;;158;;66.7;-20.5;-20.9;37.2;1;0;0;0;0;0;0;0;0;0;0;0;0;0;0;0;1;0;0;01/07/2022
CAR19_01_000119;01/12/1963;male;0;0;II;0;0;0;0;negative;3-T2DM AND no HFpEF;Africa;;0;0;1;0;1;0;1;2005;90;109;165;;149;;67;-14.9;-9;22.4;0;1;0;1;0;0;0;0;0;0;0;0;1;1;0;0;0;0;0;24/05/2022
CAR19_01_000120;01/05/1953;female;0;0;;0;0;0;0;positive;3-T2DM AND no HFpEF;Europe;;0;0;0;0;0;0;1;2014;77;53;167;;129;;68;;;;0;0;0;0;0;1;1;0;0;0;0;0;1;1;0;0;1;0;0;08/07/2022
CAR19_01_000121;01/03/1956;male;0;0;I;0;0;0;0;negative;1-no T2DM AND no HFpEF;Europe;;0;0;0;0;0;1;0;;89;53;173;;146;;118;;;;0;0;0;0;0;1;0;0;0;0;0;0;0;0;0;0;0;0;0;31/05/2022
CAR19_01_000122;01/01/1963;male;0;0;;0;0;0;0;positive;1-no T2DM AND no HFpEF;Europe;;0;0;0;0;0;;0;;83;62;177;;133;;74;-17.7;-14.8;29;0;0;0;0;0;1;0;0;0;0;0;0;0;0;0;0;0;0;0;05/07/2022
CAR19_01_000123;01/09/1959;female;0;0;;0;0;0;0;positive;3-T2DM AND no HFpEF;Africa;;0;0;0;0;0;;1;;75;57;160;;139;;54;-17.8;-14.8;23.9;1;0;0;0;1;1;1;0;0;0;0;0;0;0;0;0;1;0;0;22/06/2022
CAR19_01_000124;01/04/1960;male;0;0;;0;0;0;0;positive;3-T2DM AND no HFpEF;Europe;;0;0;0;0;0;;1;2021;60;93;160;;121;;71;-16.8;-13.2;26.5;0;0;0;0;0;0;0;0;0;0;1;0;0;1;0;0;0;0;0;20/09/2022
CAR19_01_000125;01/09/1976;male;0;0;;0;0;0;0;negative;1-no T2DM AND no HFpEF;Africa;;0;0;0;0;0;1;0;;80;55;173;;119;;97;-14.8;-11.5;18;0;0;0;0;0;0;0;0;0;0;0;0;1;0;0;0;0;0;0;23/09/2022
CAR19_01_000126;01/07/1971;male;0;0;;0;1;0;0;positive;1-no T2DM AND no HFpEF;Europe;;0;0;0;0;0;;0;;89;48;181;;132;;100;-20.4;-15.4;25.6;0;0;0;0;0;1;0;0;0;0;0;0;0;0;0;0;0;0;0;28/06/2022
CAR19_01_000127;01/11/1965;female;0;0;;0;0;0;0;negative;1-no T2DM AND no HFpEF;Europe;;0;0;0;0;0;;0;;64;41;160;;121;;60;-20.8;-20.3;38.1;0;0;0;0;1;0;0;0;0;0;0;0;0;0;0;0;0;0;0;27/09/2022
CAR19_01_000128;01/11/1958;male;0;0;;0;0;0;0;negative;1-no T2DM AND no HFpEF;Northern Africa;;0;0;0;0;0;;0;;66;57;170;;94;;72;-18;-15.7;25.3;0;0;0;0;0;0;0;0;0;0;0;0;0;0;0;0;0;0;0;23/09/2022
CAR19_01_000129;01/12/1951;male;0;0;;0;0;0;0;negative;1-no T2DM AND no HFpEF;Europe;;0;0;0;0;0;;0;;91;75;178;;160;;90;-15.8;-12.6;24;1;0;0;0;0;0;0;0;0;0;0;0;0;0;0;0;1;0;0;11/10/2022
CAR19_01_000130;01/12/1971;male;0;0;;0;0;0;0;positive;1-no T2DM AND no HFpEF;Europe;;0;0;0;0;0;1;0;;70;68;168;;100;;98;-17.9;-11.6;29.1;0;0;0;0;0;0;0;0;0;0;0;0;0;0;0;0;0;0;0;29/06/2022
CAR19_01_000131;01/07/1964;male;0;0;;0;0;0;0;positive;3-T2DM AND no HFpEF;Northern Africa;;0;0;0;0;0;;1;2012;82;63;193;;123;;94;;;;0;0;0;0;0;0;0;0;0;0;0;0;0;1;0;0;0;0;0;13/09/2022
CAR19_01_000132;01/03/1968;male;0;0;;0;0;0;0;positive;1-no T2DM AND no HFpEF;Northern Africa;;0;0;0;0;0;;0;;68;60;180;;112;;95;-17;-15.3;27.3;1;0;0;0;0;0;0;0;0;0;0;0;0;0;0;0;1;0;0;12/08/2022
CAR19_01_000133;01/10/1958;male;0;0;;0;0;0;0;negative;3-T2DM AND no HFpEF;Africa;;0;0;0;0;0;;1;2003;76;85;168;;115;;86;-19.1;-13.5;32.6;1;0;0;0;0;0;0;0;0;0;1;0;0;1;0;0;1;1;0;11/10/2022
CAR19_01_000134;01/03/1963;female;0;0;;0;0;0;0;negative;1-no T2DM AND no HFpEF;Northern Africa;;0;0;0;0;0;0;0;;58;60;169;;97;;64;-19.6;-13.6;33;0;0;0;0;0;0;0;0;0;0;0;0;0;0;0;0;0;0;0;12/08/2022
CAR19_01_000135;01/11/1960;male;0;0;;0;0;0;0;positive;1-no T2DM AND no HFpEF;Europe;;0;0;0;1;0;1;0;;96;58;168;;156;;103;-14;-9.9;20.4;0;0;0;0;0;0;0;0;0;0;0;0;0;0;0;0;0;0;0;02/08/2022
CAR19_01_000136;01/03/1963;male;0;0;;0;0;0;0;positive;3-T2DM AND no HFpEF;Africa;;0;0;0;0;0;;1;2002;78;60;180;;118;;70;;;;0;0;0;0;0;0;1;1;0;0;0;0;0;0;0;0;1;0;0;05/08/2022
CAR19_01_000137;01/08/1972;female;0;0;;0;0;0;0;negative;1-no T2DM AND no HFpEF;Northern Africa;;0;0;0;0;0;1;0;;82;75;162;;127;;98;-22;-19.3;41.9;0;0;0;0;0;0;0;0;0;0;0;0;0;0;0;0;0;0;0;04/11/2022
CAR19_01_000138;01/02/1969;female;0;0;;0;0;0;0;negative;1-no T2DM AND no HFpEF;Europe;;0;0;0;0;0;;0;;61;58;166;;93;;58;-19.3;-13.6;32.5;0;0;0;0;0;0;0;0;0;0;0;0;0;0;0;0;0;0;0;06/09/2022
CAR19_01_000139;01/01/1965;male;0;0;;0;0;0;0;negative;1-no T2DM AND no HFpEF;Europe;;0;0;0;0;0;;0;;110;62;188;;155;;110;;;;1;0;0;0;0;0;0;0;0;0;0;0;0;0;0;0;0;0;0;06/09/2022
CAR19_01_000140;01/01/1972;female;0;0;;0;0;0;0;positive;1-no T2DM AND no HFpEF;Europe;;0;0;0;0;0;0;0;;84;42;164;;136;;54;-17.1;-15.9;26.7;1;0;0;0;0;0;0;0;0;0;0;0;0;0;0;0;0;0;0;07/09/2022
CAR19_01_000141;01/07/1963;female;0;0;;0;0;0;0;negative;3-T2DM AND no HFpEF;Europe;;0;0;1;0;0;1;1;2017;70;63;163;;129;;78;-19.2;-18.2;32.7;0;0;0;1;1;0;0;1;0;0;1;0;1;1;0;0;0;0;0;22/11/2022
CAR19_01_000142;01/03/1971;male;0;0;;0;1;0;0;negative;1-no T2DM AND no HFpEF;Europe;;0;0;0;0;0;1;0;;87;86;168;;133;;80;-16.7;-9.8;15.6;0;0;0;0;0;0;0;0;0;0;0;0;0;0;0;0;0;0;0;09/09/2022
CAR19_01_000143;01/09/1957;female;0;0;;0;0;0;0;negative;3-T2DM AND no HFpEF;Europe;;0;0;0;0;0;;1;2019;103;65;170;;184;;96;-14.3;-11.9;20.8;0;0;0;0;0;0;0;0;0;0;0;0;0;1;0;0;0;0;0;04/11/2022
CAR19_01_000144;01/07/1953;female;0;0;I;0;0;0;0;positive;1-no T2DM AND no HFpEF;Asian;;0;0;0;0;0;0;0;;64;59;158;;138;;57;-22.4;-17.4;30.3;1;0;0;0;0;1;0;0;0;0;0;0;0;0;0;0;0;0;0;20/09/2022
CAR19_01_000145;01/02/1960;male;0;0;;0;0;0;0;negative;1-no T2DM AND no HFpEF;Europe;;0;0;0;0;0;;0;;79;70;173;;149;;93;-17.7;-12.7;28.8;1;0;0;0;0;0;0;0;0;0;0;0;0;0;0;0;0;0;0;20/09/2022
CAR19_01_000146;01/07/1961;male;0;0;;0;0;0;0;negative;3-T2DM AND no HFpEF;Other;GUADELOUPE;0;0;0;0;0;1;1;2011;79;75;161;;121;;83;-14.2;-13.5;20.9;1;0;0;0;0;0;0;0;0;0;0;0;0;1;0;0;1;0;0;23/09/2022
CAR19_01_000147;01/07/1972;male;0;0;;0;0;0;0;negative;1-no T2DM AND no HFpEF;Europe;;0;0;0;0;0;;0;;84;65;177;;125;;90;-17.2;-19.4;27.4;0;0;0;0;0;0;0;0;0;0;0;0;0;0;0;0;0;0;0;18/11/2022
CAR19_01_000148;01/06/1955;male;0;0;;0;0;0;0;negative;3-T2DM AND no HFpEF;Europe;;0;0;0;0;0;0;1;;81;60;183;;137;;82;-17.1;-13.3;26.8;0;0;0;0;0;0;0;0;0;0;0;0;0;1;0;0;0;0;0;07/10/2022
CAR19_01_000149;01/03/1949;female;0;0;;0;0;0;0;negative;1-no T2DM AND no HFpEF;Europe;;0;0;0;0;0;0;0;;68;75;157;;121;;52;-15.7;-20.5;23.7;0;0;0;0;0;0;0;0;0;0;0;0;0;0;0;0;1;0;0;07/10/2022
CAR19_01_000150;01/11/1969;male;0;0;;0;0;0;0;negative;1-no T2DM AND no HFpEF;Europe;;0;0;0;0;0;;0;;98;100;186;;139;;87;-17.6;-12;28.1;0;0;0;0;0;0;0;0;0;0;0;0;0;0;0;0;0;0;0;02/12/2022
CAR19_01_000151;01/10/1960;male;0;0;;0;0;0;0;negative;1-no T2DM AND no HFpEF;Europe;;0;0;0;0;0;;0;;77;50;187;;129;;86;;;;0;0;0;0;0;0;0;0;0;0;0;0;0;0;0;0;0;0;0;09/12/2022
CAR19_01_000152;01/12/1961;female;0;0;;0;0;0;0;negative;3-T2DM AND no HFpEF;Asian;;0;0;0;0;0;;1;2007;83;83;143;;129;;57;-16.6;-10.7;25.5;1;0;0;0;0;1;1;0;0;0;0;0;0;0;0;0;1;0;0;02/12/2022
CAR19_01_000153;01/08/1949;male;0;0;;0;0;0;0;negative;3-T2DM AND no HFpEF;Europe;;0;0;0;0;0;1;1;;68;62;177;;139;;91;-21.8;-14;43.8;1;0;0;0;0;1;0;0;0;0;0;0;1;0;0;0;1;1;0;25/10/2022
CAR19_01_000154;01/04/1967;female;0;0;;0;0;0;0;negative;1-no T2DM AND no HFpEF;Europe;;0;0;0;0;0;1;0;;68;69;168;;123;;90;-17.1;-11.4;27;0;0;0;0;1;0;0;0;0;0;0;0;1;0;0;0;0;0;0;16/12/2022
CAR19_01_000155;01/01/1966;male;0;0;;0;0;0;0;negative;1-no T2DM AND no HFpEF;Europe;;0;0;0;0;0;1;0;;87;55;190;;142;;118;-14.4;-9.7;21.5;1;0;0;0;0;1;0;0;0;0;0;0;0;0;0;0;1;0;0;16/12/2022
CAR19_01_000157;01/11/1965;male;0;0;;0;0;0;0;negative;1-no T2DM AND no HFpEF;Europe;;0;0;0;0;0;;0;;94;63;169;;141;;75;-14.4;-13.6;21.2;0;0;0;0;0;0;0;0;0;0;0;0;0;0;0;0;0;0;0;06/01/2023
CAR19_01_000158;01/01/1959;male;0;0;;0;0;0;0;negative;1-no T2DM AND no HFpEF;Other;overseas;0;0;0;0;0;0;0;;77;65;176;;121;;69;-15;-13.2;22.3;0;0;0;0;0;0;0;0;0;0;0;0;0;0;0;0;0;0;0;22/11/2022
CAR19_01_000159;01/08/1968;male;0;0;;0;0;0;0;negative;3-T2DM AND no HFpEF;;;0;0;0;0;0;0;1;2016;79;82;182;;121;;92;-13.2;-10.2;19.3;0;1;0;0;0;0;0;0;0;0;1;0;0;1;0;1;1;1;0;25/11/2022
CAR19_01_000160;01/03/1962;male;0;0;;0;0;0;0;negative;1-no T2DM AND no HFpEF;Northern Africa;;0;0;0;0;0;1;0;;72;50;165;;109;;70.3;-16.3;-16.2;24.9;0;0;0;0;0;0;0;0;0;0;0;0;0;0;0;0;0;0;0;29/11/2022
CAR19_01_000161;01/08/1960;male;0;0;;0;0;0;0;negative;3-T2DM AND no HFpEF;Europe;;1;0;0;0;0;1;1;;78;68;180;;132;;110;-6.2;-11.5;25.1;1;0;0;1;0;0;0;0;0;0;1;1;0;1;0;0;1;0;0;06/12/2022
CAR19_01_000162;01/05/1963;female;0;0;;0;0;0;0;negative;3-T2DM AND no HFpEF;Europe;;0;0;0;0;0;1;1;1997;63;75;158;;117;;63;;;;1;0;0;0;0;0;0;0;0;0;0;0;0;0;0;0;0;0;0;07/12/2022
CAR19_01_000163;01/12/1951;male;0;0;II;0;0;0;0;negative;3-T2DM AND no HFpEF;Europe;;0;0;1;0;0;1;1;2017;78;59;168;;147;;104;;;;1;0;0;0;1;0;1;0;0;0;0;0;0;0;0;0;0;0;0;08/12/2022
CAR19_01_000164;01/12/1968;male;0;0;;0;0;0;0;negative;1-no T2DM AND no HFpEF;Europe;;0;0;0;0;0;;0;;80;71;190;;125;;98;-15.3;-11.7;23.4;1;0;0;0;0;1;0;0;0;0;0;0;1;0;0;0;0;0;0;09/12/2022
CAR19_01_000165;01/10/1956;male;0;0;;0;0;0;0;negative;3-T2DM AND no HFpEF;Europe;;0;0;0;0;0;1;1;;84;60;175;;128;;95;-13.4;-15;19.2;0;0;0;0;0;0;0;0;0;0;0;0;0;0;0;0;0;0;0;14/12/2022
CAR19_01_000166;01/12/1958;female;0;0;;0;0;0;0;negative;1-no T2DM AND no HFpEF;Northern Africa;;0;0;0;0;0;0;0;;83;60;154;;137;;68;-19.4;-12.4;33.8;1;0;0;0;0;0;0;0;0;0;0;0;0;0;0;0;1;0;0;14/12/2022
CAR19_01_000167;01/04/1975;female;0;0;;0;0;0;0;negative;1-no T2DM AND no HFpEF;Europe;;0;0;0;0;0;1;0;;89;64;169;;152;;101;-17;-13.6;27.1;0;0;0;0;0;1;0;0;0;0;0;0;0;0;0;0;0;0;0;14/12/2022
CAR19_01_000168;01/04/1973;male;0;0;;0;0;0;0;negative;1-no T2DM AND no HFpEF;Europe;;0;0;0;0;0;0;0;;83;55;164;;125;;80;-12.2;-12.4;16.6;0;0;0;0;0;0;0;0;0;0;0;0;0;0;0;0;0;0;0;19/12/2022
CAR19_01_000169;01/04/1964;female;0;0;;0;0;0;0;negative;3-T2DM AND no HFpEF;Northern Africa;;0;0;0;0;0;;1;2013;76;75;159;;127;;60;-19.6;-13.4;35.2;0;0;0;0;0;0;0;0;0;0;0;0;0;1;0;0;1;0;0;21/12/2022
CAR19_01_000170;01/06/1975;male;0;0;;0;0;0;0;negative;3-T2DM AND no HFpEF;Africa;;0;0;0;0;0;1;1;2014;75;85;175;;127;;80;-12.6;-12.6;17.6;0;0;0;1;0;0;0;0;0;0;0;0;0;1;0;0;0;0;0;03/01/2023
CAR19_01_000171;01/12/1977;male;0;0;;0;0;0;0;negative;3-T2DM AND no HFpEF;Europe;;0;0;0;0;0;;1;2022;73;70;175;;122;;78;-16.7;-15.9;26;0;0;0;0;1;0;1;0;0;0;0;0;0;1;0;0;1;1;0;13/01/2023
CAR19_01_000172;01/02/1961;male;0;0;;0;0;0;0;negative;3-T2DM AND no HFpEF;Northern Africa;;0;0;0;0;0;;1;;82;60;172;;140;;82;-18.5;-17.1;31;0;0;0;0;0;0;0;0;0;0;0;0;0;1;0;0;1;0;0;20/01/2023
CAR19_01_000173;01/07/1948;female;0;0;;0;0;0;0;negative;3-T2DM AND no HFpEF;Africa;;0;0;0;0;0;1;1;2001;74;81;165;;139;;78;;;;1;0;0;0;0;0;0;0;0;0;1;0;0;1;0;0;1;1;0;20/01/2023
CAR19_01_000174;01/09/1965;male;0;0;;0;0;0;0;negative;3-T2DM AND no HFpEF;Europe;;0;0;0;0;0;0;1;2009;77;70;176;;135;;78;;;;1;0;0;0;0;0;1;0;1;0;0;0;0;0;0;0;0;0;0;03/02/2023
CAR19_01_000175;01/08/1957;male;0;0;;0;0;0;0;negative;3-T2DM AND no HFpEF;Europe;;0;0;0;0;0;;1;;73;60;174;;127;;119;;;;1;0;0;0;0;0;0;0;0;0;0;0;1;1;0;0;1;0;0;06/02/2023
CAR19_01_000176;01/11/1960;female;0;0;I;0;0;0;0;negative;1-no T2DM AND no HFpEF;Europe;;0;0;0;0;0;0;0;;83;65;163;;124;;52;;;;0;0;0;0;0;0;0;0;0;0;0;0;0;0;0;0;0;0;0;13/02/2023
CAR19_01_000177;01/01/1963;female;0;0;;0;1;0;0;negative;1-no T2DM AND no HFpEF;Northern Africa;;0;0;0;0;0;;0;;64;50;155;;112;;68.3;;;;1;0;0;0;0;0;0;0;0;0;0;0;0;0;0;0;0;0;0;13/02/2023
CAR19_01_000179;01/10/1954;male;0;0;;0;0;0;0;negative;3-T2DM AND no HFpEF;Africa;;0;0;0;0;0;0;1;;78;55;168;;121;;78;-18.2;-13.9;29.8;1;0;0;0;0;0;0;0;0;0;0;0;0;0;0;0;0;0;0;17/02/2023
CAR19_01_000180;01/12/1956;male;0;0;I;0;0;0;0;negative;3-T2DM AND no HFpEF;Africa;;0;0;0;0;0;1;1;2017;79;75;170;;136;;88;-18.8;-15.3;32.5;0;0;0;0;0;1;0;0;0;0;0;0;0;1;0;0;0;0;0;20/02/2023
CAR19_01_000181;01/01/1966;male;0;0;II;0;1;0;0;negative;1-no T2DM AND no HFpEF;Europe;;0;0;0;0;0;1;0;;80;55;175;;120;;93;-15.7;-11.3;24.1;1;0;0;0;0;0;0;0;0;0;0;0;0;0;0;0;0;0;0;20/02/2023
CAR19_01_000182;01/10/1962;female;0;0;;0;0;0;0;negative;3-T2DM AND no HFpEF;Europe;;0;0;0;0;0;0;1;2013;66;74;162;;120;;56;-15.4;-15.4;23;0;0;0;0;0;0;1;0;0;0;0;0;0;1;0;0;0;1;0;20/02/2023
CAR19_01_000183;01/03/1963;male;0;0;I;0;0;0;0;negative;1-no T2DM AND no HFpEF;Europe;;0;0;0;0;0;;0;;78;60;172;;125;;61.5;-16;-13.5;24.3;0;0;0;0;0;0;0;0;0;0;0;0;0;0;0;0;0;0;0;22/02/2023
CAR19_01_000185;01/10/1959;female;0;0;;0;0;0;0;negative;3-T2DM AND no HFpEF;Northern Africa;;0;0;1;0;1;0;1;2002;78;89;159;;132;;65;;;;1;0;0;0;0;0;1;0;0;0;0;0;0;1;0;1;1;1;0;24/02/2023
CAR19_01_000186;01/02/1970;male;0;0;;0;0;0;0;negative;1-no T2DM AND no HFpEF;Europe;;0;0;0;0;0;;0;;86;42;175;;121;;74;;;;0;0;0;0;0;0;0;0;0;0;0;0;0;0;0;0;0;0;0;27/02/2023
CAR19_01_000187;01/09/1964;male;0;0;;0;0;0;0;negative;3-T2DM AND no HFpEF;Europe;;0;0;0;0;0;;1;2013;90;75;182;;140;;98;;;;1;0;0;1;0;0;0;0;0;0;1;0;0;1;0;0;0;0;0;27/02/2023
CAR19_01_000189;01/05/1974;male;0;0;I;0;0;0;0;negative;3-T2DM AND no HFpEF;Europe;;0;0;0;0;0;1;1;2008;75;75;186;;131;;142;;;;1;0;0;1;1;1;0;1;0;0;1;0;0;1;1;1;0;1;0;28/02/2023
CAR19_01_000190;01/04/1970;male;0;0;;0;0;0;0;negative;3-T2DM AND no HFpEF;Northern Africa;;0;0;0;0;0;0;1;2013;84;74;165;;124;;63;;;;1;0;0;0;0;0;1;0;0;0;0;0;0;1;0;0;1;0;0;03/03/2023
CAR19_01_000191;01/09/1971;male;0;0;;0;0;0;0;negative;3-T2DM AND no HFpEF;Europe;;0;0;0;0;0;0;1;2020;84;72;172;;127;;81;-17.2;-12.8;27.8;0;0;0;1;0;0;0;0;0;0;0;0;0;0;0;0;1;0;0;07/03/2023
CAR19_01_000192;01/02/1948;male;0;0;;0;0;0;0;negative;3-T2DM AND no HFpEF;Europe;;0;0;0;0;1;;1;2008;81;100;164;;129;;73;;;;1;0;0;1;0;0;0;0;0;0;1;0;0;1;0;0;0;0;0;10/03/2023
CAR19_01_000193;01/12/1977;female;0;0;II;0;1;0;0;negative;1-no T2DM AND no HFpEF;Europe;;0;0;0;0;0;;0;;71;64;166;;107;;62;;;;0;0;0;0;1;0;0;0;0;0;0;0;0;0;0;0;0;0;0;13/03/2023
CAR19_01_000194;01/02/1975;female;0;0;I;0;0;0;0;negative;1-no T2DM AND no HFpEF;Europe;;0;0;0;0;0;;0;;75;60;168;;126;;66.5;;;;0;0;0;0;0;0;0;0;0;0;0;0;0;0;0;0;0;0;0;13/03/2023
CAR19_01_000195;01/11/1953;male;0;0;II;0;1;0;0;negative;3-T2DM AND no HFpEF;Middle East;;0;0;0;0;1;1;1;2013;76;70;180;;113;;97.3;;;;1;;0;0;1;1;0;0;0;0;1;0;0;1;0;0;0;0;0;16/03/2023
CAR19_01_000196;01/11/1960;female;0;0;;0;0;0;0;negative;3-T2DM AND no HFpEF;Africa;;0;0;0;0;0;;1;;75;74;160;;122;;71;;;;1;0;0;0;0;1;1;0;0;0;0;0;1;1;0;0;0;0;0;17/03/2023
CAR19_01_000197;01/11/1977;male;0;0;I;0;0;0;0;negative;1-no T2DM AND no HFpEF;Europe;;0;0;0;0;0;;0;;69;50;180;;112;;71;;;;0;0;0;0;0;0;0;0;0;0;0;0;0;0;0;0;0;0;0;20/03/2023
CAR19_01_000198;01/06/1965;female;0;0;I;0;0;0;0;negative;3-T2DM AND no HFpEF;Europe;;0;0;0;0;0;;1;2013;79;100;154;;123;;86;;;;1;0;0;0;0;0;0;0;0;0;1;0;1;1;0;0;0;0;0;21/03/2023
CAR19_01_000199;01/07/1977;male;0;0;;0;0;0;0;negative;3-T2DM AND no HFpEF;Africa;;0;0;1;0;0;;1;2021;64;65;173;;110;;82.5;;;;0;0;0;0;0;1;1;0;0;0;0;0;0;0;0;0;0;0;0;28/03/2023
CAR19_01_000200;01/12/1957;male;0;0;I;0;0;0;0;negative;1-no T2DM AND no HFpEF;Northern Africa;;0;0;0;0;0;1;0;;75;75;171;;135;;82;;;;0;0;0;0;0;0;0;0;0;0;0;0;0;0;0;0;0;0;0;28/03/2023
CAR19_01_000201;01/04/1972;male;0;0;I;0;0;0;0;negative;1-no T2DM AND no HFpEF;Europe;;0;0;0;0;0;0;0;;81;67;174;;118;;94;;;;1;0;0;0;0;0;0;0;0;0;0;0;0;0;0;0;0;0;0;30/03/2023
CAR19_01_000202;01/12/1965;male;0;0;;0;0;0;0;negative;1-no T2DM AND no HFpEF;Europe;;0;0;0;0;0;1;0;;84;100;179;;151;;92;;;;1;0;0;0;0;1;0;0;0;0;0;0;0;0;0;0;0;0;0;31/03/2023
CAR19_01_000203;01/05/1951;male;0;0;II;0;0;0;0;negative;1-no T2DM AND no HFpEF;Africa;;0;0;0;0;0;;0;;78;65;183;;142;;126;;;;0;0;0;0;0;0;0;0;0;0;0;0;0;0;0;0;0;0;0;31/03/2023
CAR19_01_000204;01/05/1966;female;0;0;;0;0;0;0;negative;1-no T2DM AND no HFpEF;Europe;;0;0;0;0;0;;0;;94;64;164;;137;;70.5;;;;0;0;0;0;0;0;0;0;0;0;0;0;0;0;0;0;0;0;0;03/04/2023
CAR19_01_000205;01/09/1963;male;0;0;;0;0;0;0;negative;3-T2DM AND no HFpEF;Europe;;0;0;0;0;0;1;1;2006;65;68;165;;120;;58;-13.7;-20.8;19.7;0;0;0;0;0;0;0;0;0;0;0;0;0;0;0;0;1;1;0;05/04/2023
CAR19_01_000206;01/02/1951;female;0;0;;0;0;0;0;negative;1-no T2DM AND no HFpEF;Europe;;0;0;0;0;0;;0;;77;75;162;;137;;66;;;;0;0;0;0;1;1;0;0;0;0;0;0;0;0;0;0;1;0;0;07/04/2023
CAR19_01_000207;01/05/1962;male;0;0;;0;0;0;0;negative;1-no T2DM AND no HFpEF;Europe;;0;0;0;0;0;;0;;92;60;172;;135;;90;;;;0;0;0;0;0;0;0;0;0;0;0;0;0;0;0;0;0;0;0;17/04/2023
CAR19_01_000208;01/07/1955;female;0;0;II;0;1;0;0;negative;3-T2DM AND no HFpEF;Northern Africa;;0;0;0;0;0;;1;2013;82;75;175;;146;;95;-20.1;-14.8;35.2;1;0;0;1;0;0;0;0;0;0;1;0;0;1;0;0;1;1;0;17/04/2023
CAR19_01_000209;01/08/1965;male;0;0;I;0;0;0;0;negative;3-T2DM AND no HFpEF;Africa;;0;0;0;0;0;;1;2021;81;60;172;;130;;89;;;;0;0;0;0;0;0;0;0;0;0;0;0;0;1;0;0;1;1;0;17/04/2023
CAR19_01_000210;01/07/1959;female;0;0;I;0;0;0;0;negative;3-T2DM AND no HFpEF;Europe;;0;0;0;0;0;1;1;2014;69;75;157;;126;;87;;;;1;0;0;0;0;1;0;0;0;0;1;0;1;1;0;0;1;1;;17/04/2023
CAR19_01_000211;01/09/1962;male;0;0;;0;0;0;0;negative;3-T2DM AND no HFpEF;Europe;;0;0;0;0;0;1;1;1979;75;56;178;;139;;68.8;;;;0;0;0;0;0;0;1;0;0;0;0;0;0;1;0;0;0;0;0;24/04/2023
CAR19_01_000212;01/12/1968;male;0;0;;0;0;0;0;negative;1-no T2DM AND no HFpEF;Europe;;0;0;0;0;0;;0;;80;97;175;;124;;84;;;;0;0;0;0;0;0;0;0;0;0;0;0;0;0;0;0;0;0;0;24/04/2023
CAR19_01_000213;01/05/1966;male;0;0;;0;1;0;0;negative;3-T2DM AND no HFpEF;Europe;;0;0;0;0;0;;1;2023;84;75;171;;136;;92.7;;;;0;0;0;0;0;0;0;0;0;0;0;0;0;0;0;0;0;0;0;24/04/2023
CAR19_01_000214;01/11/1955;female;0;0;I;0;0;0;0;negative;3-T2DM AND no HFpEF;Northern Africa;;0;0;0;0;0;;1;2020;65;70;164;;127;;74;;;;0;0;0;0;0;0;1;0;0;0;0;0;0;0;0;0;0;0;0;24/04/2023
CAR19_01_000215;01/10/1977;female;0;0;II;0;0;0;0;negative;1-no T2DM AND no HFpEF;Europe;;0;0;0;0;0;1;0;;88;76;152;;138;;73;;;;1;0;0;0;0;0;0;0;0;0;0;0;0;0;0;0;0;0;0;03/05/2023
CAR19_01_000216;01/04/1961;male;0;0;;0;0;0;0;negative;3-T2DM AND no HFpEF;Europe;;0;0;0;0;0;;1;2022;82;75;163;;156;;70;;;;0;0;0;0;0;1;0;0;0;0;0;0;0;1;0;0;0;1;0;04/05/2023
CAR19_01_000217;01/12/1967;female;0;0;;0;0;0;0;negative;3-T2DM AND no HFpEF;Africa;;0;0;0;0;0;;1;2005;80;82;152;;164;;83;;;;0;0;0;1;0;1;0;0;0;0;0;0;0;1;0;0;1;0;0;04/05/2023
CAR19_01_000218;01/06/1964;female;0;0;II;0;0;0;0;negative;3-T2DM AND no HFpEF;Europe;;0;0;0;0;0;1;1;2008;60;80;153;;108;;80;;;;1;0;0;0;1;0;0;0;0;0;0;0;0;0;0;0;1;0;0;11/05/2023
CAR19_01_000219;01/12/1961;female;0;0;;0;0;0;0;negative;1-no T2DM AND no HFpEF;Europe;;0;0;0;0;0;;0;;62;60;162;;93;;54;;;;0;0;0;0;0;0;0;0;0;0;0;0;0;0;0;0;1;0;0;15/05/2023
CAR19_01_000220;01/04/1976;male;0;0;;0;1;0;0;negative;1-no T2DM AND no HFpEF;Northern Africa;;0;0;0;0;0;0;0;;78;75;182;;118;;83.2;;;;0;0;0;0;0;0;0;0;0;0;0;0;0;0;0;0;0;0;0;15/05/2023
CAR19_01_000221;01/08/1971;male;0;0;;0;0;0;0;negative;3-T2DM AND no HFpEF;Europe;;0;0;0;0;0;0;1;2023;104;65;170;;152;;102;-15;-11.5;22.5;0;0;0;0;0;1;0;0;0;0;1;0;0;1;0;0;0;0;0;17/05/2023
CAR19_01_000222;01/09/1968;male;0;0;;0;0;0;0;negative;3-T2DM AND no HFpEF;Northern Africa;;0;0;0;0;0;;1;2013;64;65;172;;110;;83;;;;0;0;0;0;0;0;1;0;0;0;0;0;0;1;0;0;0;1;0;17/05/2023
CAR19_01_000223;01/10/1959;female;0;0;I;0;1;0;0;negative;1-no T2DM AND no HFpEF;Europe;;0;0;0;0;0;0;0;;71;63;161;;130;;63;-20.4;-17.4;36.1;0;0;0;0;1;0;0;0;0;0;0;0;0;0;0;0;0;0;0;22/05/2023
CAR19_01_000224;01/12/1961;female;;;;;;;;;3-T2DM AND no HFpEF;;;;;;;;;;;;;;;;;;;;;;;;;;;;;;;;;;;;;;;;30/05/2023
CAR19_01_000226;01/09/1966;female;0;0;;0;0;0;0;negative;3-T2DM AND no HFpEF;Europe;;0;0;0;0;0;;1;2018;75;60;166;;126;;86;;;;0;0;0;0;0;0;0;0;0;0;1;0;0;1;0;0;1;0;0;02/06/2023
CAR19_01_000228;01/08/1970;female;0;0;;0;0;0;0;negative;3-T2DM AND no HFpEF;Europe;;0;0;0;0;1;0;1;2012;76;80;162;;130;;75;;;;1;0;0;1;0;1;0;0;0;0;1;0;0;1;1;0;1;1;0;05/06/2023
CAR19_01_000229;01/12/1963;female;;;;;;;;negative;3-T2DM AND no HFpEF;;;;;;;;;;;;;;;;;;;;;;;;;;;;;;;;;;;;;;;;05/06/2023
CAR19_01_000230;01/10/1974;male;0;0;I;0;0;0;0;negative;1-no T2DM AND no HFpEF;Europe;;0;0;0;0;0;0;0;;75;60;183;;129;;88;;;;0;0;0;0;0;0;0;0;0;0;0;0;0;0;0;0;0;0;0;05/06/2023
CAR19_01_000231;01/07/1962;male;0;0;II;0;0;0;0;negative;1-no T2DM AND no HFpEF;Asian;;0;0;0;0;0;0;0;;85;60;178;;157;;95;;;;1;0;0;0;0;1;0;0;0;0;0;0;0;0;0;0;1;0;0;05/06/2023
CAR19_01_000233;01/11/1958;male;;;;;;;;;3-T2DM AND no HFpEF;;;;;;;;;;;;;;;;;;;;;;;;;;;;;;;;;;;;;;;;13/06/2023
CAR19_01_000234;01/06/1974;male;;;;;;;;;1-no T2DM AND no HFpEF;;;;;;;;;;;;;;;;;;;;;;;;;;;;;;;;;;;;;;;;19/06/2023
CAR19_01_000235;01/09/1966;female;;;;;;;;negative;1-no T2DM AND no HFpEF;;;;;;;;;;;;;;;;;;;;;;;;;;;;;;;;;;;;;;;;26/06/2023
CAR19_01_000236;01/04/1963;female;0;0;I;0;0;0;0;negative;1-no T2DM AND no HFpEF;;;0;0;0;;0;1;0;;;75;154;;;;54;;;;0;0;0;0;0;0;0;0;0;0;0;0;0;0;0;0;1;0;0;29/06/2023
CAR19_01_000237;01/05/1955;male;;;;;;;;negative;3-T2DM AND no HFpEF;;;;;;;;;;;;;;;;;;;;;;;;;;;;;;;;;;;;;;;;03/07/2023
CAR19_01_000238;01/12/1965;female;;;;;;;;negative;3-T2DM AND no HFpEF;;;;;;;;;;;;;;;;;;;;;;;;;;;;;;;;;;;;;;;;03/07/2023
CAR19_01_000239;01/12/1966;female;0;0;I;0;0;0;0;negative;1-no T2DM AND no HFpEF;Europe;;0;0;0;0;0;;0;;70;75;154;;120;;53;;;;0;0;0;0;0;0;0;0;0;0;0;0;0;0;0;0;0;0;0;28/07/2023
CAR19_01_000240;01/03/1978;male;0;0;;0;0;0;0;negative;1-no T2DM AND no HFpEF;Europe;;0;0;0;0;0;;0;;72;75;163;;125;;74;;;;0;0;0;0;0;0;0;0;0;0;0;0;0;0;0;0;0;0;0;18/08/2023
CAR19_01_000241;01/01/1968;female;0;0;I;0;0;0;0;negative;3-T2DM AND no HFpEF;Africa;;0;0;0;0;0;1;1;2020;75;63;145;;124;;56;;;;1;0;0;1;0;0;0;0;0;0;0;0;0;1;0;1;0;1;0;22/08/2023
CAR19_01_000242;01/12/1959;male;;;;;;;;;3-T2DM AND no HFpEF;;;;;;;;;;;;;;;;;;;;;;;;;;;;;;;;;;;;;;;;23/08/2023
CAR19_01_000244;01/10/1958;female;0;0;II;0;0;0;0;negative;3-T2DM AND no HFpEF;Africa;;0;0;0;0;0;1;1;;77;70;152;;154;;67;;;;1;0;0;0;1;1;0;0;0;0;0;0;0;1;0;0;1;0;1;04/09/2023
CAR19_01_000245;01/10/1951;female;;;;;;;;negative;3-T2DM AND no HFpEF;;;;;;;;;;;;;;;;;;;;;;;;;;;;;;;;;;;;;;;;15/09/2023
CAR19_01_000246;01/09/1981;female;;;;;;;;negative;3-T2DM AND no HFpEF;Africa;;;;;;;;;;;;;;;;;;;;;;;;;;;;;;;;;;;;;;;18/09/2023
CAR19_01_000250;01/11/1974;male;0;0;;0;0;0;0;negative;1-no T2DM AND no HFpEF;;;0;0;0;0;0;0;0;;83;70;184;;141;;86;;;;0;0;0;0;0;0;0;0;0;0;0;0;0;0;0;0;1;0;0;02/10/2023
CAR19_01_000251;01/05/1966;male;;;;;;;;negative;3-T2DM AND no HFpEF;;;;;;;;;1;;;;;;;;;;;;;;;;;;;;;;;;;;;;;;;03/10/2023
CAR19_01_000253;01/11/1960;female;0;0;;0;0;0;0;negative;3-T2DM AND no HFpEF;;;0;0;0;0;0;;1;2014;91;78;153;;136;;57;;;;1;0;0;0;0;0;0;0;0;0;0;0;0;1;0;0;1;0;0;03/10/2023
CAR19_01_000254;01/05/1959;female;0;0;;0;0;0;0;negative;3-T2DM AND no HFpEF;;;0;0;0;0;1;0;1;2013;86;75;157;;163;;73;;;;0;0;0;1;0;0;0;0;1;0;1;0;0;1;0;0;1;1;1;13/10/2023
CAR19_01_000255;01/01/1952;male;0;0;;0;0;0;0;negative;3-T2DM AND no HFpEF;;;0;0;0;0;0;0;1;2023;75;60;168;;131;;82;;;;1;0;0;0;0;0;0;0;0;0;0;0;0;0;0;0;1;0;0;23/10/2023
CAR19_01_000258;01/08/1970;male;;;;;;;;negative;1-no T2DM AND no HFpEF;;;;;;;;;0;;;;;;;;;;;;;;;;;;;;;;;;;;;;;;;24/10/2023
CAR19_01_000267;01/06/1957;female;;;;;;;;negative;3-T2DM AND no HFpEF;;;;;;;;;;;;;;;;;;;;;;;;;;;;;;;;;;;;;;;;21/11/2023
CAR19_01_000274;01/11/1963;male;0;0;I;0;0;0;0;negative;1-no T2DM AND no HFpEF;Europe;;0;;0;0;0;0;0;;91;60;184;;129;;79;;;;0;0;0;0;0;0;0;0;;0;0;0;0;0;0;0;0;0;0;01/12/2023
CAR19_02_000001;01/04/1949;male;0;0;;0;0;0;0;negative;3-T2DM AND no HFpEF;Europe;;0;0;1;0;1;0;1;;94;89;165;;161;;93;-12.5;-10;19.9;1;0;0;0;0;0;0;0;0;0;1;0;0;1;0;0;1;0;0;02/05/2022
CAR19_02_000002;01/04/1969;female;0;0;;0;0;0;0;negative;3-T2DM AND no HFpEF;Africa;;0;0;0;0;0;0;1;;81;64;166;;129;;65;;;;0;0;0;0;0;0;0;0;0;0;0;0;0;1;0;0;1;1;0;10/05/2022
CAR19_02_000003;01/11/1962;male;0;0;;0;0;0;0;negative;3-T2DM AND no HFpEF;Africa;;0;0;0;0;0;1;1;2004;79;65;172;;126;;70;-17.8;-14.5;29.5;1;0;0;0;0;0;0;0;0;0;1;0;0;1;0;0;0;0;0;07/07/2022
CAR19_02_000004;01/09/1967;male;0;0;;0;0;0;0;negative;3-T2DM AND no HFpEF;Africa;;0;0;0;0;0;;1;2017;89;87;170;;149;;106;;;;1;0;0;0;0;0;1;0;0;0;0;0;0;0;0;0;1;0;0;18/11/2022
CAR19_02_000005;01/02/1953;female;0;0;I;0;0;0;0;negative;3-T2DM AND no HFpEF;Africa;;0;0;1;0;1;0;1;1995;77;65;162;;138;;91.6;;;;1;1;0;1;0;0;0;0;0;0;1;0;0;1;1;0;1;1;1;03/05/2023
CAR19_04_000001;01/05/1956;male;0;0;;0;0;0;0;negative;3-T2DM AND no HFpEF;Europe;;0;0;0;0;0;0;1;2005;87;79;180;;151;;103;-12.8;-8.4;18.2;0;1;0;1;0;1;0;0;0;0;1;0;0;1;0;0;1;0;0;29/11/2021
CAR19_04_000002;01/12/1952;male;0;0;;0;0;0;0;negative;3-T2DM AND no HFpEF;Europe;;0;0;1;0;0;0;1;2011;68;65;180;;122;;89.3;-16.9;-11.8;26.5;0;0;0;0;0;0;0;0;0;0;0;0;0;1;0;0;0;0;0;19/11/2021
CAR19_04_000003;01/09/1949;female;0;0;;0;0;0;0;negative;3-T2DM AND no HFpEF;Northern Africa;;0;0;1;0;1;0;1;1981;70;85;171;;139;;78;;;;0;0;0;1;0;1;0;0;0;0;1;0;0;1;0;0;0;0;0;11/04/2022
CAR19_04_000004;01/03/1969;male;0;0;;0;0;0;0;negative;3-T2DM AND no HFpEF;Africa;;0;0;0;0;0;1;1;2020;91;69;161;;134;;70;-17.7;-13.3;26.5;0;0;0;0;0;0;0;0;0;0;0;0;0;1;0;0;1;0;0;27/04/2022
CAR19_04_000005;01/12/1960;female;0;0;;0;0;0;0;positive;3-T2DM AND no HFpEF;Northern Africa;;0;0;0;0;0;0;1;2008;83;;163;;137;;92;-19.4;-17.3;34;0;0;0;0;0;0;0;0;0;0;0;0;0;0;0;0;0;1;0;23/05/2022
CAR19_04_000006;01/03/1954;male;0;0;;0;0;0;0;negative;3-T2DM AND no HFpEF;Africa;;0;0;0;0;0;;1;2011;84;85;170;;126;;75;;;;0;0;0;0;0;0;0;0;0;0;0;0;0;1;0;0;0;0;0;30/05/2022
CAR19_04_000007;01/02/1975;male;0;0;;0;0;0;0;negative;3-T2DM AND no HFpEF;Northern Africa;;0;0;0;0;0;0;1;2010;78;59;186;;125;;99;-16.8;-9.6;26.6;0;0;0;0;0;0;0;0;0;0;0;0;0;1;0;0;1;0;0;29/06/2022
CAR19_04_000008;01/01/1961;male;0;0;;0;0;0;0;negative;3-T2DM AND no HFpEF;Africa;;0;0;0;0;0;0;1;2002;78;71;175;;132;;85;;;;1;0;0;0;1;1;1;0;0;0;0;0;1;1;0;0;1;1;0;29/06/2022
CAR19_04_000009;01/03/1958;female;0;0;;0;0;0;0;negative;3-T2DM AND no HFpEF;Other;guadeloupe;0;0;0;0;0;0;1;2013;70;75;165;;120;;81;-22.5;-14;44.2;1;0;0;0;0;0;0;0;0;0;1;0;0;1;0;1;0;0;0;06/07/2022
CAR19_04_000010;01/07/1950;female;0;0;;0;0;0;0;negative;3-T2DM AND no HFpEF;Europe;;0;0;0;0;1;0;1;1996;56;53;143;;143;;47.4;-18.9;-23.7;32.2;0;0;0;0;1;0;0;0;0;0;1;0;1;1;0;0;1;1;1;11/07/2022
CAR19_04_000011;01/12/1962;male;0;0;;0;0;0;0;negative;3-T2DM AND no HFpEF;Northern Africa;;0;0;1;1;1;0;1;2010;75;80;175;;114;;91;-16.1;-12.8;24.8;1;0;0;1;0;0;0;0;0;0;0;0;1;0;0;1;0;1;0;11/07/2022
CAR19_04_000012;01/07/1968;female;0;0;;0;0;0;0;negative;3-T2DM AND no HFpEF;Africa;;0;0;0;0;0;0;1;2020;98;76;169;;125;;80;-16;-11.9;24.4;0;0;0;0;1;0;0;0;0;0;1;0;1;1;0;0;0;0;0;26/07/2022
CAR19_04_000013;01/04/1959;female;0;0;;0;0;0;0;negative;3-T2DM AND no HFpEF;Other;martinique;0;0;0;0;0;0;1;2010;63;84;170;;129;;80;-18.7;-12.3;31.5;1;0;0;1;0;0;0;0;0;0;1;0;0;1;0;1;1;1;0;02/08/2022
CAR19_04_000014;01/08/1966;male;0;0;;0;0;0;0;negative;3-T2DM AND no HFpEF;Other;HAITI;0;0;0;0;0;0;1;2016;65;79;172;;117;;60;-20.6;-14.8;37.3;1;0;0;0;0;1;0;0;0;0;0;0;0;1;0;1;1;0;0;09/08/2022
CAR19_04_000015;01/07/1973;male;0;0;;0;0;0;0;negative;3-T2DM AND no HFpEF;Africa;;0;0;1;0;1;0;1;2016;94;75;186;;132;;110;;;;1;0;0;1;0;0;0;0;0;0;0;0;1;1;0;0;1;0;0;30/08/2022
CAR19_04_000016;01/10/1975;male;0;0;;0;0;0;0;negative;3-T2DM AND no HFpEF;Northern Africa;;0;0;1;0;0;0;1;2018;90;75;184;;136;;77;;;;0;0;0;0;0;0;1;0;0;0;0;0;0;1;0;0;1;0;0;18/10/2022
CAR19_04_000017;01/12/1949;male;0;0;;0;0;0;0;negative;3-T2DM AND no HFpEF;Europe;;0;0;1;0;1;0;1;2000;92;84;172;;178;;95;-13;-10.7;18.3;1;0;0;1;1;1;0;0;0;0;0;0;0;0;0;0;1;0;0;31/03/2023
CAR19_04_000018;01/04/1954;male;0;0;;0;0;0;0;negative;3-T2DM AND no HFpEF;Northern Africa;;0;0;0;0;0;1;1;2020;53;80;187;;121;;74;;;;1;0;0;0;0;1;0;0;0;0;0;0;1;1;0;0;0;0;0;25/04/2023
CAR19_04_000019;01/12/1948;male;0;0;II;0;0;0;0;negative;3-T2DM AND no HFpEF;Africa;;0;0;0;0;1;;1;1995;72;60;164;;163;;84;;;;1;0;0;0;1;1;0;0;0;0;0;0;0;1;0;0;1;0;0;31/05/2023
CAR19_04_000021;01/09/1963;male;;;;;;;;negative;3-T2DM AND no HFpEF;;;;;;;;;;;;;;;;;;;;;;;;;;;;;;;;;;;;;;;;13/10/2023
CAR19_04_000022;01/11/1953;male;0;0;II;0;0;0;0;negative;3-T2DM AND no HFpEF;Africa;;0;0;0;0;1;0;1;1994;86;70;171;;155;;88;;;;1;0;0;1;1;1;0;0;0;0;0;0;0;1;0;1;1;0;1;18/10/2023
CAR19_04_000023;01/12/1952;female;;;;;;;;negative;3-T2DM AND no HFpEF;;;;;;;;;;;;;;;;;;;;;;;;;;;;;;;;;;;;;;;;16/11/2023
CAR19_05_000001;01/06/1954;female;0;0;I;0;0;0;0;;3-T2DM AND no HFpEF;Northern Africa;;0;0;0;0;0;0;1;2000;79;78;155;102;141;97;65.4;-17.9;-18.3;32.1;1;;;;1;;;;;;1;;;1;;;1;1;1;12/11/2020
CAR19_05_000002;01/02/1955;male;0;0;I;0;0;0;1;;3-T2DM AND no HFpEF;Europe;;;;;;;;;;87;72;174;101;173;106;96.4;-22.4;-20.1;39.5;1;;;1;;;;;;;;;;1;;1;1;;;19/11/2020
CAR19_05_000003;01/02/1957;male;0;0;I;0;0;0;0;;3-T2DM AND no HFpEF;Africa;;0;0;0;0;1;0;1;2000;91;69;180;101;148;97;84.6;-17.6;-16.8;29.4;1;0;0;1;0;1;0;0;0;0;0;0;0;1;0;0;1;;0;17/12/2020
CAR19_05_000004;01/06/1964;male;0;0;I;0;0;0;0;negative;3-T2DM AND no HFpEF;Northern Africa;;0;0;0;0;0;0;1;2005;64;80;164;109;130;114;90.1;-15.8;-15.4;25;1;0;0;0;0;0;1;0;0;0;0;0;0;1;0;0;1;0;1;07/01/2021
CAR19_05_000005;01/01/1970;female;0;0;I;0;0;0;0;negative;3-T2DM AND no HFpEF;Europe;;;0;0;0;0;1;1;2016;94;78;166;108;142;105;89.6;-16.8;-13.4;27.2;0;0;0;;0;0;0;0;0;0;1;0;0;1;0;0;0;0;0;14/01/2021
CAR19_05_000006;01/05/1955;male;0;0;I;0;0;0;0;negative;3-T2DM AND no HFpEF;Northern Africa;;0;0;0;1;0;1;1;2005;100;67;178;107;158;108;92.2;-19;-17.5;34.9;1;0;0;;0;1;0;0;0;0;0;0;0;1;0;0;0;0;0;21/01/2021
CAR19_05_000007;01/09/1958;female;0;0;I;0;0;0;0;negative;3-T2DM AND no HFpEF;Europe;;0;0;0;0;1;0;1;2001;65;72;163;100;119;100;79.5;-22.5;-12.4;44.9;0;0;0;1;0;0;1;0;0;1;1;0;0;1;0;0;0;1;0;18/03/2021
CAR19_05_000008;01/08/1955;male;0;0;I;0;0;0;0;negative;3-T2DM AND no HFpEF;Europe;;0;0;0;0;0;1;1;2001;86;80;186;103;132;108;96.4;-17.1;-12.3;18.4;1;0;0;1;1;0;0;0;0;0;1;0;0;1;0;0;1;1;0;04/03/2021
CAR19_05_000009;01/01/1962;male;0;0;I;0;0;0;0;negative;3-T2DM AND no HFpEF;Europe;;0;0;0;0;1;0;1;2000;81;68;176;96;130;102;87.1;-16.8;-14.6;23.6;1;0;0;1;0;1;0;0;0;0;0;0;0;1;0;0;1;1;0;20/05/2021
CAR19_05_000010;01/01/1959;male;0;0;I;0;0;0;0;negative;3-T2DM AND no HFpEF;Europe;;0;0;0;1;0;0;1;2000;87;71;170;95;138;97;83.2;-12.7;-10;17.8;1;0;0;0;0;0;1;0;0;0;0;0;0;1;0;0;1;1;0;17/06/2021
CAR19_05_000011;01/10/1955;female;0;0;I;0;0;0;0;negative;3-T2DM AND no HFpEF;Northern Africa;;;;;;;;1;;56.5;54;154;81;175.5;76;46.7;-15.4;-14;23.6;;;;0;;;;;;;1;0;;1;;;1;1;;24/06/2021
CAR19_05_000012;01/07/1955;male;0;0;I;0;0;0;0;negative;3-T2DM AND no HFpEF;Europe;;0;0;0;1;1;1;1;1996;69;64;;;136;;;-18.7;-14.5;23.8;1;0;0;1;1;1;0;0;0;0;0;1;0;1;0;1;1;1;1;24/06/2021
CAR19_05_000013;01/09/1967;male;0;0;I;0;0;0;0;negative;3-T2DM AND no HFpEF;Europe;NA;0;0;0;1;0;0;1;2012;87;80;180;104;130;110;94.2;;;;0;0;0;0;0;0;1;0;0;0;1;0;0;1;0;0;0;1;0;01/07/2021
CAR19_05_000014;01/12/1950;female;0;0;II;0;0;0;0;negative;3-T2DM AND no HFpEF;Asian;NA;0;0;0;;0;0;1;1992;83;84;161;89;145;85.5;54.5;-21.4;-16.7;42.3;1;0;0;1;0;1;0;0;0;0;1;0;0;1;0;0;1;0;0;08/07/2021
CAR19_05_000015;01/12/1951;male;0;0;I;0;1;0;0;negative;3-T2DM AND no HFpEF;Africa;NA;0;0;0;0;0;0;1;2003;84;44;169;;166;90.5;74.3;-12.1;-8.3;17.9;1;0;0;0;1;0;0;0;0;0;0;0;0;0;0;0;1;1;0;15/07/2021
CAR19_05_000016;01/09/1975;male;0;0;I;0;0;0;0;negative;3-T2DM AND no HFpEF;Northern Africa;;0;0;0;0;0;1;1;2021;78;52;172;94;117;97;82.3;-20;-17.7;35.3;0;0;0;0;0;0;0;0;0;0;0;0;0;0;0;0;0;0;0;28/10/2021
CAR19_05_000017;01/05/1959;male;0;0;I;0;0;0;0;negative;3-T2DM AND no HFpEF;Northern Africa;;0;0;0;0;0;0;1;2007;79;66;181;102;136;101;86.7;-16.9;-15.3;27.4;0;0;0;0;0;0;0;0;0;0;0;0;0;1;0;0;1;1;0;04/11/2021
CAR19_05_000018;01/07/1966;female;0;0;I;0;0;0;1;negative;3-T2DM AND no HFpEF;Northern Africa;;0;0;0;0;0;;1;2005;68;65;163;97;130;93;69.9;-20.4;-21.1;37.3;1;0;0;0;0;1;1;0;0;0;0;0;0;1;0;0;1;1;0;25/11/2021
CAR19_05_000019;01/10/1959;male;0;0;I;0;0;0;0;negative;3-T2DM AND no HFpEF;Europe;;0;0;0;0;0;0;1;2016;78;57;161;89;136;97;71;;;;1;0;0;0;0;0;0;0;0;0;1;0;0;1;0;0;1;0;0;02/12/2021
CAR19_05_000020;01/02/1961;female;0;0;I;0;0;0;0;negative;3-T2DM AND no HFpEF;Northern Africa;;0;0;0;0;1;1;1;2000;81;64;153;104;178;101;78;-18.6;-14.5;32;1;0;0;1;1;0;0;0;0;1;1;0;0;1;0;0;0;1;0;16/12/2021
CAR19_05_000021;01/10/1965;female;0;0;II;0;0;0;0;negative;3-T2DM AND no HFpEF;Northern Africa;;0;0;0;0;0;0;1;2006;59;75;163;101;101;101;77.7;-21.3;-16.7;31.8;0;0;0;1;0;0;0;0;0;0;1;0;0;1;0;0;0;0;0;23/12/2021
CAR19_05_000022;01/03/1959;female;0;0;I;0;0;0;0;negative;3-T2DM AND no HFpEF;Africa;;0;0;0;1;0;0;1;2001;66;62;162;94;117;92;73.7;-17.9;-16.8;27.8;0;0;0;0;1;0;1;0;0;0;0;0;0;1;0;0;1;0;1;20/01/2022
CAR19_05_000023;01/07/1968;female;0;0;I;0;0;0;0;positive;3-T2DM AND no HFpEF;Europe;;0;0;0;0;1;0;1;2009;77;66;168;130;166;120;103.2;-19.3;-17.7;31.1;1;0;0;0;0;0;1;0;0;0;1;0;0;1;0;0;0;1;0;27/01/2022
CAR19_05_000024;01/04/1947;female;0;0;I;0;0;0;0;negative;3-T2DM AND no HFpEF;Europe;;0;0;0;1;0;0;1;1997;72;75;164;107;138;105;78.7;-19.2;-18.4;35.1;1;0;1;0;1;0;0;0;0;0;0;0;0;1;0;0;1;0;0;22/02/2022
CAR19_05_000025;01/12/1958;male;0;0;I;0;0;0;0;;3-T2DM AND no HFpEF;Europe;;0;0;0;0;0;1;1;2013;85.5;92;167;109;133.5;125;106;-18;-13.7;21.5;1;0;0;1;1;1;0;0;0;0;1;0;0;1;0;0;1;0;1;24/02/2022
CAR19_05_000026;01/02/1959;male;0;0;I;0;0;0;0;;3-T2DM AND no HFpEF;Asian;;0;0;0;0;0;0;1;2006;80.5;77;159;98;164;105;80.4;-20.6;-18.7;34.5;0;1;0;0;1;0;0;0;0;0;0;0;0;1;0;0;0;0;0;08/03/2022
CAR19_05_000027;01/06/1954;male;0;0;III;0;0;0;1;positive;3-T2DM AND no HFpEF;Europe;;0;0;0;1;0;0;1;1995;82;73;186;106;133;110;110;-11.8;-15.1;26;0;1;0;;0;0;0;0;0;;1;0;0;1;0;1;1;0;1;15/03/2022
CAR19_05_000028;01/06/1959;male;0;0;I;0;0;0;0;negative;3-T2DM AND no HFpEF;Europe;;0;0;0;0;0;1;1;2017;79;63;171;96;121;101;87.9;-19;-14.1;22.6;0;0;0;0;1;0;0;0;0;0;0;0;0;0;0;0;1;1;0;24/03/2022
CAR19_05_000029;01/12/1963;male;0;0;II;0;0;0;0;negative;3-T2DM AND no HFpEF;;;0;0;0;0;0;;1;2015;;;;;;;;-19.5;-11.6;19.5;0;0;0;0;0;0;1;0;0;0;0;0;0;1;0;0;0;0;0;29/03/2022
CAR19_05_000030;01/10/1956;male;0;0;I;0;0;0;0;negative;3-T2DM AND no HFpEF;Northern Africa;;0;0;0;1;1;0;1;2012;85;64;175;109.5;138;109.5;87.3;-17.3;-16.2;29.1;1;0;0;0;0;0;0;0;0;0;1;0;0;1;0;0;1;1;0;31/03/2022
CAR19_05_000031;01/10/1964;female;0;0;I;0;0;0;0;negative;3-T2DM AND no HFpEF;;;0;0;0;0;0;0;1;2010;58;74;157;84;120;77;57;-18.1;-13.7;29.9;0;0;0;0;0;0;0;0;0;0;1;0;0;1;0;0;0;1;0;07/04/2022
CAR19_05_000032;01/10/1953;male;0;0;I;0;0;0;0;;3-T2DM AND no HFpEF;Europe;;;;;;;;1;2008;;;;;;;;-16.8;-8.6;27;1;0;0;0;0;1;0;0;0;0;0;0;0;1;0;0;1;0;0;12/04/2022
CAR19_05_000033;01/05/1976;male;0;0;I;0;0;0;0;negative;3-T2DM AND no HFpEF;Africa;;0;0;0;0;0;0;1;2012;86;105;171;91;111;98;87;-17.8;-15.7;29.4;0;0;0;0;0;0;0;0;0;0;1;0;0;1;0;0;0;0;0;14/04/2022
CAR19_05_000034;01/05/1971;female;0;0;;0;0;0;0;negative;3-T2DM AND no HFpEF;Europe;;0;0;0;0;0;0;1;2005;59;66;164;95;118;91;71.2;-15.7;-14.4;24.2;0;0;1;0;0;0;0;0;0;0;1;0;0;1;0;0;1;1;0;19/04/2022
CAR19_05_000035;01/02/1946;male;0;0;I;0;0;0;0;negative;3-T2DM AND no HFpEF;Europe;;0;0;0;;0;1;1;1986;;;;;;;;-19.6;-15.3;33.9;0;0;0;0;0;0;0;0;1;0;0;0;0;0;0;0;0;1;0;21/04/2022
CAR19_05_000036;01/01/1967;female;0;0;I;0;0;0;0;negative;3-T2DM AND no HFpEF;Africa;;0;0;0;0;0;0;1;2013;72;84;171;102;125;110;102;-17;-15.5;27.4;0;1;0;0;0;1;0;0;0;0;1;0;0;1;1;0;0;0;0;05/05/2022
CAR19_05_000037;01/07/1967;male;0;0;I;0;0;0;0;negative;3-T2DM AND no HFpEF;Northern Africa;;1;;1;1;0;0;1;2008;82;75;173;120;147;133;114;;;;1;0;0;1;0;1;0;0;0;0;0;0;0;1;0;0;1;1;0;12/05/2022
CAR19_05_000038;01/07/1960;male;0;0;I;0;0;0;0;negative;3-T2DM AND no HFpEF;Europe;;0;0;0;1;0;0;1;1997;89;78;160;92;134;94;70;-17.8;-12.3;29.2;1;0;0;0;0;0;0;0;0;0;1;0;0;1;0;0;1;1;0;24/05/2022
CAR19_05_000039;01/05/1955;male;0;0;I;0;0;0;0;negative;3-T2DM AND no HFpEF;Europe;;0;0;0;0;1;1;1;1991;;;;;;;;-19.3;-11.6;33.8;1;0;0;1;0;0;0;0;0;0;1;1;0;1;0;0;1;0;1;02/06/2022
CAR19_05_000040;01/11/1959;male;0;0;I;0;0;0;0;;3-T2DM AND no HFpEF;Europe;;0;0;0;0;1;0;1;1998;72;87;175;114;150;120;98;-16;-13.9;24.9;0;0;0;1;0;0;0;0;0;0;1;0;0;1;0;0;0;1;0;21/06/2022
CAR19_05_000041;01/11/1957;female;0;0;II;0;1;0;0;negative;3-T2DM AND no HFpEF;Northern Africa;;0;0;0;0;0;0;1;2010;;;;;;;;;;;;;;;;;;;;;;;;;;;;;;07/07/2022
CAR19_05_000042;01/03/1963;male;0;0;I;0;0;0;0;negative;3-T2DM AND no HFpEF;Africa;;0;0;0;0;0;;1;2015;93;79;172;102;128;105;87;-13.6;-12;20.6;1;0;0;1;0;1;1;0;0;0;1;0;0;1;0;0;1;1;0;26/07/2022
CAR19_05_000043;01/05/1962;female;0;0;I;0;0;0;0;negative;3-T2DM AND no HFpEF;Europe;;0;0;0;0;1;0;1;1985;61;95;156;99;133;98;71.9;-16;-15.4;24.8;0;0;0;1;0;0;0;0;0;0;1;0;0;1;0;0;1;0;0;13/10/2022
CAR19_05_000044;01/12/1959;male;0;0;I;0;0;0;0;negative;3-T2DM AND no HFpEF;Africa;;0;0;0;0;0;;1;2020;80;58;173;71;134;71;63.6;-21.1;-21.3;40;1;0;0;0;0;1;1;0;0;0;0;0;0;1;0;0;0;0;0;04/10/2022
CAR19_05_000045;01/06/1951;male;0;0;I;0;0;0;0;negative;3-T2DM AND no HFpEF;Europe;;0;0;0;0;0;1;1;2010;;;;;;;;;;;1;0;0;0;0;1;1;0;0;0;0;0;0;1;0;0;1;;0;20/09/2022
CAR19_05_000046;01/03/1961;male;0;0;I;0;0;0;0;negative;3-T2DM AND no HFpEF;Europe;;0;0;0;0;1;1;1;2004;82;81;169;100;129;110;86;-18.6;-15.9;31.4;1;0;0;0;0;1;1;0;0;0;1;0;0;1;;0;1;0;0;15/09/2022
CAR19_05_000047;01/04/1959;female;;;;;;;;negative;3-T2DM AND no HFpEF;Europe;;;;;;;;;;;;;;;;;-19.5;-17.4;34.5;;;;;;;;;;;;;;;;;;;;25/10/2022
CAR19_05_000049;01/08/1962;female;0;0;I;0;0;0;0;negative;3-T2DM AND no HFpEF;Europe;;0;0;0;0;0;1;1;2002;78;89;162;105;132;107;72.1;-15.9;-12.9;24.8;1;;0;0;0;1;1;0;0;0;1;0;0;1;0;0;1;1;0;20/10/2022
CAR19_05_000050;01/01/1952;male;0;0;I;0;0;0;0;negative;3-T2DM AND no HFpEF;Europe;;1;0;0;0;0;1;1;2000;72;67;176;105;125;114;91.4;-18.5;-15;31.1;1;0;0;0;0;0;0;0;0;0;0;0;0;1;0;0;1;0;0;03/11/2022
CAR19_05_000052;01/03/1958;male;0;0;I;0;0;0;0;negative;3-T2DM AND no HFpEF;;;0;0;0;1;0;0;1;2019;;;;;;;;-15.4;-14.7;23.8;0;0;0;0;0;0;1;0;0;0;0;0;0;1;0;0;0;0;0;18/10/2022
CAR19_05_000053;01/08/1975;male;0;0;I;0;0;0;0;negative;3-T2DM AND no HFpEF;Northern Africa;;0;0;0;0;0;1;1;2016;81;75;181;105;121;112;103;;;;0;0;0;0;0;0;0;0;0;0;1;0;0;1;0;0;0;0;0;27/10/2022
CAR19_05_000054;01/11/1949;male;0;0;I;0;0;0;0;negative;3-T2DM AND no HFpEF;Europe;;0;0;0;0;0;0;1;1989;70;56;170;96;120;97;76;-17.2;-16.8;27.5;0;0;0;0;0;0;0;0;0;0;1;0;0;1;0;1;1;1;0;08/11/2022
CAR19_05_000055;01/12/1959;male;0;0;I;0;0;0;0;positive;3-T2DM AND no HFpEF;Europe;;0;0;0;0;0;0;1;2007;84;85;169;97;154;102;79;-18.5;-15;31.8;1;0;0;0;0;0;0;0;0;0;0;0;0;1;0;0;1;1;0;17/11/2022
CAR19_05_000056;01/01/1956;female;0;0;II;0;0;0;1;positive;3-T2DM AND no HFpEF;Other;Océan Indien;0;0;0;1;0;1;1;2020;77;97;157;133;134;126;104;-16.8;-11.5;28;1;0;0;0;1;0;0;0;1;0;0;0;0;1;0;0;1;0;1;22/11/2022
CAR19_05_000057;01/02/1953;female;0;0;I;0;0;0;0;positive;3-T2DM AND no HFpEF;Europe;;0;0;0;1;1;1;1;1988;67;51;160;116;124;121;88;;;;1;0;0;1;0;0;0;0;0;0;1;0;0;1;0;0;1;0;1;29/11/2022
CAR19_05_000058;01/06/1960;female;0;0;;0;0;0;0;negative;3-T2DM AND no HFpEF;Northern Africa;;0;0;0;0;0;;1;;76;95;165;100;140;85;65.6;-22.2;-10.7;42.2;1;0;0;0;0;1;0;0;0;0;0;0;0;1;0;0;0;0;1;06/12/2022
CAR19_05_000059;01/09/1950;female;0;0;I;0;0;0;0;negative;3-T2DM AND no HFpEF;Northern Africa;;0;0;0;;0;0;1;2011;86;82;157;103;151;108;72;-20.2;-14.7;36.2;1;0;0;0;0;1;1;0;0;0;0;0;0;1;0;0;1;0;0;13/12/2022
CAR19_05_000060;01/06/1954;male;0;0;;;0;0;0;negative;3-T2DM AND no HFpEF;Northern Africa;;0;0;1;0;0;0;1;2012;85.5;87;185;102;138.5;110;101;;;;0;0;0;0;0;0;1;0;1;1;1;0;0;1;0;0;1;;0;10/01/2023
CAR19_05_000061;01/05/1975;male;0;0;I;0;0;0;0;positive;3-T2DM AND no HFpEF;Africa;;0;0;0;0;0;0;1;2022;89;80;172;86;125;90;79.2;-18.2;-16.7;30.7;1;0;0;0;;1;0;0;0;0;0;0;0;1;0;0;1;;0;12/01/2023
CAR19_05_000062;01/06/1965;female;0;0;I;0;0;0;0;positive;3-T2DM AND no HFpEF;Northern Africa;;0;0;1;0;0;1;1;2011;77;70;159;100;120;110;84;-18;-17.3;29.4;1;0;0;1;0;0;0;0;0;;1;0;0;1;0;0;1;0;0;26/01/2023
CAR19_05_000063;01/08/1975;male;0;0;I;0;0;0;0;positive;3-T2DM AND no HFpEF;Northern Africa;;0;0;0;0;1;0;1;2014;69;75;182;104;102;108;92.8;-18.3;-19.6;30.4;0;0;0;0;0;0;0;0;0;0;1;0;0;1;0;0;0;1;0;17/01/2023
CAR19_05_000064;01/11/1968;male;0;1;I;0;1;0;0;positive;3-T2DM AND no HFpEF;Asian;;0;0;0;0;0;1;1;2019;84;76;165;98;124.5;99.5;77.5;-18.9;-12.9;32.8;1;0;0;0;0;0;0;1;0;0;1;0;0;1;0;0;1;0;1;31/01/2023
CAR19_05_000065;01/04/1956;female;0;0;;0;0;0;0;positive;3-T2DM AND no HFpEF;Europe;;0;0;0;0;0;0;1;1984;80;103;158;100;145;108;70.2;-14.5;-15.7;22.4;0;0;0;1;0;0;0;0;0;0;1;0;0;1;0;0;0;0;0;02/02/2023
CAR19_05_000066;01/03/1970;female;0;0;I;0;0;0;0;negative;3-T2DM AND no HFpEF;Europe;;0;0;0;0;0;0;1;2015;62;66;165;103;107.5;100;72;-21.2;-15.6;39.4;0;0;0;0;0;0;1;0;0;0;0;0;0;1;0;1;0;0;0;14/02/2023
CAR19_05_000067;01/03/1963;male;0;0;I;0;0;0;0;positive;3-T2DM AND no HFpEF;Europe;;0;0;0;0;0;;1;2006;72;70;170;114;123;120;96.1;-16.2;-14.6;25.1;0;0;0;0;0;0;0;0;0;0;1;0;0;1;0;0;0;0;0;16/02/2023
CAR19_05_000068;01/01/1968;male;0;1;I;0;0;0;0;negative;3-T2DM AND no HFpEF;Europe;;0;0;0;1;1;1;1;2006;91;71;171;116;179;137;118;;;;1;0;0;1;0;1;0;0;0;0;1;0;0;1;0;0;1;1;0;14/03/2023
CAR19_05_000069;01/08/1960;female;;0;I;0;0;0;0;positive;3-T2DM AND no HFpEF;Europe;;0;0;0;0;0;1;1;2017;75;82;157;103;125;91;68;;;;1;;0;0;;1;0;0;0;0;1;0;;1;0;0;0;0;0;04/05/2023
CAR19_05_000070;01/12/1964;male;0;0;I;0;0;0;0;positive;3-T2DM AND no HFpEF;Europe;;0;0;0;0;0;0;1;2014;79;71;180;97;129;103;86.7;-16.2;-10.7;25.3;0;0;0;0;0;0;0;0;0;0;1;0;0;1;0;0;1;0;0;06/07/2023
CAR19_06_000001;01/06/1965;female;0;;;0;0;0;0;positive;3-T2DM AND no HFpEF;Europe;;0;0;1;0;0;1;1;2004;79;81;159;111;150;117;83;-20;-14.6;35.5;1;0;0;1;0;0;0;1;1;0;1;0;0;1;0;1;1;0;0;15/04/2021
CAR19_06_000002;01/06/1960;male;0;0;;0;0;0;0;negative;3-T2DM AND no HFpEF;Europe;;0;0;0;0;0;0;1;2010;85;75;169;113;133;110;95;-17.2;-13.2;28.2;;0;0;0;0;0;1;0;0;0;1;0;0;1;0;1;1;0;0;22/04/2021
CAR19_06_000003;01/07/1955;male;0;0;;0;0;0;0;positive;3-T2DM AND no HFpEF;Europe;;0;0;0;0;0;0;1;1997;65;86;178;90;127;97;76.1;-21.1;-21.9;39.9;0;0;0;0;0;0;1;0;0;0;0;0;0;1;0;1;0;;0;29/04/2021
CAR19_06_000004;01/02/1969;male;0;0;;0;0;0;0;positive;3-T2DM AND no HFpEF;Europe;;0;0;1;1;1;1;1;1995;75;84;172;107;156;118;95;-13.7;-11;17.3;1;0;0;1;1;1;0;0;0;0;1;0;0;1;0;0;1;1;0;30/04/2021
CAR19_06_000005;01/11/1946;female;0;0;I;0;0;0;0;positive;3-T2DM AND no HFpEF;Africa;;0;0;0;1;0;0;1;2000;60;90;150;101;130;106;60;;;;1;0;0;1;1;1;0;0;1;0;1;;0;1;0;0;1;1;1;20/05/2021
CAR19_06_000006;01/11/1957;male;1;1;II;0;1;0;1;negative;3-T2DM AND no HFpEF;Europe;;0;0;1;0;0;1;1;2004;61;44;191;126;115;118;110;-17;-11.7;27.6;1;0;0;0;1;1;0;0;0;0;1;0;1;1;0;1;1;1;1;15/06/2021
CAR19_06_000007;01/04/1972;female;0;1;I;0;0;0;0;positive;3-T2DM AND no HFpEF;Northern Africa;;0;0;1;0;0;0;1;2012;69;75;164;108;110;99;88;-18.4;-16.8;30.9;1;0;0;1;0;0;0;0;1;0;1;0;0;1;0;1;0;1;0;17/06/2021
CAR19_06_000008;01/08/1955;female;0;1;;0;0;0;0;negative;3-T2DM AND no HFpEF;Asian;;0;0;0;0;0;0;1;2019;55;74;173;113;122;100.5;91.7;-20.2;-19.6;35.2;1;0;0;0;0;0;0;0;1;0;0;0;0;1;0;0;1;0;0;22/07/2021
CAR19_06_000009;01/09/1965;male;0;0;I;0;0;0;0;positive;3-T2DM AND no HFpEF;Northern Africa;;0;0;0;0;0;0;1;2006;70;80;178;100;133;104;87;-17.6;-16.7;28.9;1;0;0;0;0;0;1;0;1;0;1;0;0;1;0;0;0;1;1;07/10/2021
CAR19_06_000010;01/08/1951;male;0;0;I;0;0;0;0;positive;3-T2DM AND no HFpEF;Europe;;0;0;0;0;0;0;1;2011;74;73;169;113;144;112;81;-10.4;-5.6;7.9;1;0;0;0;0;0;1;0;0;0;1;0;0;1;0;0;1;0;1;26/10/2021
CAR19_06_000011;01/06/1946;male;0;0;I;0;0;0;0;negative;3-T2DM AND no HFpEF;Northern Africa;;1;0;1;1;1;1;1;2005;62;91;171;106;134;117;95;-13.3;-8.8;19;1;0;0;1;0;1;0;0;0;0;0;0;0;1;0;1;1;1;0;08/11/2021
CAR19_06_000012;01/04/1966;female;0;0;;0;0;0;0;positive;1-no T2DM AND no HFpEF;Europe;;0;0;0;0;0;0;0;;71;83;160;97;110;93;55.5;-18.3;-15.3;29.8;0;0;0;0;0;0;0;0;0;0;0;0;0;0;0;0;0;0;0;18/11/2021
CAR19_06_000013;01/07/1955;female;0;0;I;0;0;0;0;positive;3-T2DM AND no HFpEF;Europe;;0;0;0;0;0;0;1;2007;68;99;160;103;104;107;73;;;;0;0;0;0;0;0;1;0;0;0;1;0;0;1;0;0;1;1;1;09/12/2021
CAR19_06_000014;01/02/1970;female;0;0;;0;0;0;0;positive;3-T2DM AND no HFpEF;Asian;;0;0;0;1;0;0;1;2009;76;77;152;83;116;82;54;-17.1;-17.6;27.5;1;0;0;0;0;0;1;1;0;0;0;0;0;1;0;1;1;1;0;10/01/2022
CAR19_06_000015;01/03/1962;female;0;0;;0;0;0;0;positive;1-no T2DM AND no HFpEF;Europe;;0;0;0;0;0;0;0;;70;53;165;92;110;82.5;59;-18.6;-16.1;31.2;0;0;0;0;0;0;0;0;0;0;0;0;0;0;0;0;0;0;0;17/02/2022
CAR19_06_000016;01/04/1963;male;0;0;;0;0;0;0;positive;3-T2DM AND no HFpEF;Africa;;0;0;0;1;0;1;1;2007;79;65;2;102;130;99;98;-16.1;-9;25;1;0;0;0;0;0;0;0;1;0;1;0;0;1;0;1;1;1;1;21/02/2022
CAR19_06_000017;01/12/1974;male;0;0;;0;0;0;0;positive;3-T2DM AND no HFpEF;Africa;;0;0;0;0;0;1;1;2008;76;76;2;92;135;90;72.5;-15.4;-11.2;22.8;0;0;0;1;0;0;1;0;0;0;0;0;0;1;0;0;1;0;0;28/02/2022
CAR19_06_000018;01/10/1959;female;0;0;III;0;0;0;1;positive;3-T2DM AND no HFpEF;Northern Africa;;0;0;0;0;0;1;1;2011;55;95;157;124;115;135;101;-16.6;-22.7;28.8;0;0;0;0;0;1;1;0;0;0;1;0;0;1;0;1;1;1;0;03/03/2022
CAR19_06_000019;01/05/1955;male;0;0;;0;0;0;0;positive;3-T2DM AND no HFpEF;Europe;;0;0;0;1;1;0;1;2009;78;107;176;96;138;92;76;-17.2;-12.8;27.6;1;0;0;0;0;0;0;0;0;0;1;0;0;1;0;0;1;1;1;24/03/2022
CAR19_06_000020;01/09/1953;female;0;0;;0;0;0;0;positive;1-no T2DM AND no HFpEF;Europe;;0;0;0;0;0;0;0;;85;83;158;88;129;76;51.5;-16.5;-11.7;26.3;0;0;0;0;0;0;0;0;0;0;0;0;0;0;0;0;0;0;0;14/04/2022
CAR19_06_000021;01/03/1958;male;0;0;;0;0;0;0;positive;1-no T2DM AND no HFpEF;Europe;;0;0;0;0;0;1;0;;;75;198;92;;96;80.5;-15.8;-12;24.8;0;0;0;0;0;0;0;0;0;0;0;0;0;0;0;0;0;0;0;21/04/2022
CAR19_06_000022;01/12/1974;female;0;0;;0;0;0;0;positive;1-no T2DM AND no HFpEF;Europe;;0;0;0;0;0;0;0;;75;72;174;102;114;88;72;-17.2;-12.7;27.1;0;0;0;0;0;0;0;0;0;0;0;0;0;0;0;0;0;0;0;28/04/2022
CAR19_06_000023;01/09/1961;female;0;1;;0;1;0;1;positive;3-T2DM AND no HFpEF;Northern Africa;;0;0;1;0;0;1;1;2008;98;68;162;107;128;104;83.5;-18.3;-14.3;30;1;0;0;1;0;1;1;0;0;0;1;0;0;1;0;0;1;1;0;03/05/2022
CAR19_06_000024;01/03/1955;male;0;0;;0;0;0;0;positive;1-no T2DM AND no HFpEF;Northern Africa;;0;;;;;0;0;;80;57;178;91;110;93;75;-16.7;-10.4;26.9;1;0;0;0;0;0;0;0;0;0;0;0;0;0;0;0;0;0;0;05/05/2022
CAR19_06_000025;01/12/1952;female;0;0;II;0;0;0;0;positive;1-no T2DM AND no HFpEF;Europe;;0;0;0;0;0;0;;;75;70;2;124;135;108;99.9;-21.9;-18.1;31.8;;0;0;0;0;0;0;0;0;0;1;0;0;0;0;0;1;0;0;12/05/2022
CAR19_06_000026;01/12/1967;female;0;0;II;0;0;0;1;positive;3-T2DM AND no HFpEF;Northern Africa;;0;0;1;0;0;0;1;2018;55;80;157;97;92;88;61.3;-19.3;-12.9;20.1;0;0;0;0;0;0;1;0;1;0;1;0;0;1;0;1;1;0;0;16/05/2022
CAR19_06_000027;01/03/1971;female;0;0;;0;0;0;0;positive;1-no T2DM AND no HFpEF;Europe;;0;;;;;0;0;;60;60;165;89;114;77;64.5;-20.2;-11.6;19.1;0;0;0;0;0;0;0;0;0;0;0;0;0;0;0;0;0;0;0;19/05/2022
CAR19_06_000028;01/12/1955;female;0;0;;0;0;0;0;positive;3-T2DM AND no HFpEF;Northern Africa;;0;0;0;0;0;0;1;2012;65;80;159;86;145;68;47;-20.9;-14.6;38.1;1;0;0;0;0;0;0;0;0;0;0;0;0;1;0;0;1;0;0;02/06/2022
CAR19_06_000029;01/10/1960;female;0;0;;0;0;0;0;positive;1-no T2DM AND no HFpEF;;;0;0;0;0;0;0;0;;68;63;172;90;110;69;56;-21.8;-17.2;28.7;0;0;0;0;0;0;0;0;0;0;0;0;0;0;0;0;0;0;0;10/06/2022
CAR19_06_000030;01/07/1958;female;0;0;;0;0;0;0;positive;1-no T2DM AND no HFpEF;Europe;;0;0;0;0;0;0;0;;56;56;2;79;95;60;40.5;-19.6;-14.3;34.2;0;0;0;0;0;0;0;0;0;0;0;0;0;0;0;0;0;0;0;21/06/2022
CAR19_06_000031;01/10/1961;female;0;0;;0;0;0;0;positive;3-T2DM AND no HFpEF;Northern Africa;;0;0;0;0;0;1;1;2018;60;90;158;123;135;135;96;-19.3;-14.4;23.4;1;0;0;0;0;0;0;0;0;0;0;0;0;1;0;0;1;0;1;30/06/2022
CAR19_06_000032;01/11/1968;male;0;0;;0;0;0;0;positive;1-no T2DM AND no HFpEF;Europe;;0;0;0;0;0;0;0;;80;50;174;88;123;89.5;71.3;-18.9;-14.8;23.5;0;0;0;0;0;0;0;0;0;0;0;0;0;0;0;0;0;0;0;28/07/2022
CAR19_06_000033;01/07/1959;male;0;0;;0;0;0;0;positive;1-no T2DM AND no HFpEF;Europe;;;0;0;0;0;0;0;;80;60;2;92;115;91;78.5;-15.2;-16.8;27.2;0;0;0;0;0;0;0;0;0;0;0;0;0;0;0;0;0;0;0;28/07/2022
CAR19_06_000034;01/11/1956;female;0;0;I;0;0;0;1;positive;3-T2DM AND no HFpEF;Northern Africa;;0;0;0;1;;0;1;2007;75;80;2;109;140;104;75.4;-15;-15.3;23.5;1;0;0;0;0;0;1;0;0;0;1;0;0;1;0;0;1;1;0;01/08/2022
CAR19_06_000035;01/09/1972;female;0;0;I;0;0;0;0;positive;3-T2DM AND no HFpEF;Europe;;0;0;0;0;0;0;1;1999;67;80;156;110;135;103;90.2;-20.1;-14.9;25.8;1;0;0;1;0;0;0;0;0;0;0;0;0;1;0;0;0;0;1;23/08/2022
CAR19_06_000036;01/03/1965;female;0;1;III;0;0;0;0;positive;3-T2DM AND no HFpEF;Europe;;;0;0;0;0;1;1;2018;72;75;2;143;139;136;108;-18.6;-16.3;27.7;1;0;0;0;0;0;0;0;0;0;0;0;0;1;0;0;1;0;0;13/10/2022
CAR19_06_000037;01/10/1952;female;0;0;I;0;0;0;0;positive;3-T2DM AND no HFpEF;Europe;;1;0;0;0;0;;1;2019;70;77;156;114;123;109;75.4;-19.1;-17.1;33;0;0;0;0;0;0;0;0;0;0;1;0;0;1;0;0;1;0;0;27/10/2022
CAR19_06_000038;01/05/1954;female;0;1;I;0;0;0;0;positive;3-T2DM AND no HFpEF;Europe;;0;0;0;0;0;;1;2011;79;84;2;105;134;100;75.9;-18.2;-14.8;30.5;1;0;0;0;0;1;0;0;0;0;1;0;1;1;0;0;0;0;0;17/11/2022
CAR19_06_000039;01/09/1954;female;0;1;III;0;1;0;1;positive;3-T2DM AND no HFpEF;Europe;;0;0;0;0;1;1;1;2009;;87;162;120;;131;103.03;-20.6;-17.6;37.7;1;0;0;0;1;0;0;0;0;0;1;0;0;1;0;1;1;1;0;24/11/2022
CAR19_06_000040;01/03/1960;female;0;1;I;0;0;0;0;positive;3-T2DM AND no HFpEF;Middle East;;0;0;0;0;0;;1;2016;80;70;155;119;135;123;86.5;-17.8;-14.7;29.1;1;0;0;0;0;1;1;0;0;0;1;0;0;1;0;0;1;0;0;15/12/2022
CAR19_06_000042;01/11/1975;female;0;0;I;0;0;0;0;positive;3-T2DM AND no HFpEF;;;0;0;0;0;0;0;1;2021;82;73;155;96;135;69;57.6;-19;-9.1;31.7;0;0;0;0;0;1;0;0;0;0;0;0;0;1;0;1;1;0;0;20/03/2023
CAR19_06_000043;01/06/1959;female;1;0;;0;0;0;0;positive;3-T2DM AND no HFpEF;Northern Africa;;0;0;0;0;0;;1;1986;60;74;163;100;110;86;63;-18;-15.3;29.5;0;0;0;0;0;0;1;0;1;0;1;0;0;1;0;0;1;1;0;31/05/2023
CAR19_06_000044;01/05/1973;male;0;0;I;0;0;0;0;positive;3-T2DM AND no HFpEF;Europe;;0;0;0;0;1;0;1;2013;85;73;178;43.5;140;46;101.5;-18.6;-12.6;31.8;0;0;0;0;1;0;1;0;0;0;0;0;0;1;0;1;1;1;1;06/06/2023
CAR19_06_000045;01/12/1979;female;;;;;;;;;3-T2DM AND no HFpEF;;;;;;;;;;;;;;;;;;-10.8;-15.6;14.5;;;;;;;;;;;;;;;;;;;;13/06/2023
CAR19_06_000046;01/11/1958;female;0;1;II;0;0;0;1;positive;3-T2DM AND no HFpEF;Europe;;0;0;0;0;0;1;1;2017;69;77;154;110;119;108;81;-20.1;-15.4;35.4;0;0;0;0;0;0;1;0;0;0;1;0;0;1;0;0;0;0;0;20/07/2023
CAR19_06_000047;01/03/1975;female;0;0;I;0;0;0;0;positive;3-T2DM AND no HFpEF;Other;Comores;0;0;0;0;0;0;1;2009;65;88;163;120;135;99;83;-20.1;-15.4;35.5;0;0;0;0;0;0;0;0;0;0;1;0;0;1;0;0;0;0;0;21/07/2023
CAR19_07_000001;01/04/1962;male;0;0;I;0;0;0;0;positive;1-no T2DM AND no HFpEF;Europe;;0;0;0;0;0;0;0;;64;81;170;;105;;101;-18.9;-14.2;32.2;1;0;0;0;0;0;0;0;0;0;0;0;0;0;0;0;0;0;0;09/06/2021
CAR19_07_000002;01/07/1963;male;0;0;I;0;0;0;0;negative;4-T2DM AND HFpEF;Europe;;0;0;0;0;0;0;1;2016;64;81;170;;105;;101;;;;1;0;0;0;0;0;0;0;0;0;1;0;1;1;0;1;0;0;0;10/06/2021
CAR19_07_000003;01/09/1956;female;0;0;I;0;0;0;0;negative;1-no T2DM AND no HFpEF;Europe;;0;0;0;0;0;0;0;;111;80;157;100;191;94;57;-17.2;-14.6;27.8;1;0;0;0;1;1;0;0;0;0;0;0;1;0;0;0;1;0;0;30/06/2021
CAR19_07_000004;01/07/1953;male;0;0;III;0;0;0;1;negative;2-no T2DM AND with HFpEF;Europe;;0;0;0;0;0;0;0;;61;75;168;103;111;104;73;-16.5;-18.4;25.9;0;0;0;0;0;0;0;0;0;0;0;0;0;0;1;0;1;0;0;27/07/2021
CAR19_07_000005;01/03/1962;female;0;0;I;0;0;0;0;negative;1-no T2DM AND no HFpEF;Europe;;0;0;0;0;0;0;0;;78;73;173;110;120;100;85;-17.1;-14.6;27;1;0;0;0;0;0;0;0;0;0;0;0;0;0;0;0;1;0;0;13/10/2021
CAR19_07_000006;01/02/1955;female;0;0;I;0;0;0;0;negative;1-no T2DM AND no HFpEF;Europe;;0;0;0;0;0;0;0;;75;79;152;115;141;96;76;-20.5;-16.8;37.7;0;0;0;0;1;1;0;0;0;0;0;0;0;0;0;0;1;0;0;13/10/2021
CAR19_07_000007;01/11/1962;female;0;0;I;0;1;0;0;negative;3-T2DM AND no HFpEF;Europe;;0;0;0;0;0;0;1;2016;79;80;163;133;133;94;79;;;;0;0;0;0;0;0;0;0;0;0;0;0;0;1;0;0;1;0;1;21/10/2021
CAR19_07_000008;01/09/1971;male;0;0;I;0;0;0;0;negative;3-T2DM AND no HFpEF;Europe;;0;0;0;0;0;0;1;2018;86;107;185;108;123;102;98;-15.3;-10.9;22.9;0;0;0;0;0;0;0;0;0;1;0;0;0;1;0;0;0;0;0;26/10/2021
CAR19_07_000009;01/11/1966;female;0;0;I;0;0;0;0;positive;1-no T2DM AND no HFpEF;Europe;;0;0;0;0;0;0;0;;88;74;169;;133;;88;-20.3;-17.8;36.1;1;0;0;0;1;1;0;0;0;0;0;0;0;0;0;0;1;0;0;28/10/2021
CAR19_07_000010;01/07/1956;female;0;0;I;0;0;0;0;negative;3-T2DM AND no HFpEF;Europe;;0;0;0;0;0;0;1;2016;84;88;166;106;148;96;78;-17.6;-15;29;0;0;0;0;0;0;0;0;0;0;0;0;0;1;0;0;1;0;0;05/12/2021
CAR19_07_000011;01/10/1969;female;0;0;I;0;0;0;0;negative;1-no T2DM AND no HFpEF;Other;from sudamerica;0;0;0;0;0;0;0;;74;73;165;106;133;93;82;-19.2;-17.5;32.4;0;0;0;0;0;0;0;0;0;0;0;0;0;0;0;0;0;0;0;05/11/2021
CAR19_07_000012;01/03/1950;male;0;0;I;0;0;0;0;negative;1-no T2DM AND no HFpEF;Europe;;0;0;0;0;0;0;0;;75;67;166;106;134;110;76;-16.4;-16.7;25.7;0;0;0;0;0;0;0;0;0;0;0;0;0;0;0;0;1;0;0;12/11/2021
CAR19_07_000013;01/07/1967;male;0;0;I;0;0;0;0;negative;1-no T2DM AND no HFpEF;Europe;;0;0;0;0;0;0;0;;86;67;182;104;134;96;79;;;;0;0;0;0;0;0;0;0;0;0;0;0;0;0;0;0;0;0;0;18/11/2021
CAR19_07_000014;01/06/1949;female;0;0;I;0;0;0;0;negative;1-no T2DM AND no HFpEF;Europe;;0;0;0;0;0;0;0;;67;87;155;112;153;96;73;-20.1;-17.4;35.9;0;0;0;0;1;0;0;0;0;0;0;0;0;0;0;0;1;0;0;03/12/2021
CAR19_07_000015;01/04/1971;female;0;0;I;0;0;0;0;negative;1-no T2DM AND no HFpEF;Europe;;0;0;0;0;0;0;0;;76;80;187;106;117;100;87;-15.3;-13.4;23.1;0;0;0;0;0;0;0;0;0;0;0;0;0;0;0;0;0;0;0;02/12/2021
CAR19_07_000016;01/03/1970;female;0;0;I;0;1;0;0;negative;1-no T2DM AND no HFpEF;Europe;;0;0;0;0;0;0;0;;90;74;161;88;140;83.5;62;-23;-20.1;45.4;0;0;0;0;0;0;0;0;0;0;0;0;0;0;0;0;0;0;0;14/01/2022
CAR19_07_000017;01/10/1953;female;0;0;I;0;1;0;0;negative;1-no T2DM AND no HFpEF;Europe;;0;0;0;0;0;;0;;66;62;155;95;127;82;55;-16.8;-16;26.1;0;0;0;0;0;0;0;0;0;0;0;0;0;0;0;0;0;0;0;23/06/2022
CAR19_07_000018;01/10/1961;female;0;0;I;0;1;0;0;negative;1-no T2DM AND no HFpEF;Europe;;0;0;0;0;0;0;0;;76;54;157;82;114;62;46;;;;1;0;0;0;0;0;0;0;0;0;0;0;1;0;0;0;0;0;0;25/01/2022
CAR19_07_000019;01/10/1966;female;0;0;I;0;0;0;0;negative;1-no T2DM AND no HFpEF;Europe;;0;0;0;0;0;0;0;;75;90;157;95;164;78;57;-19;-16.6;32.9;1;0;0;0;0;0;0;0;0;0;0;0;0;0;0;0;1;0;0;18/01/2022
CAR19_07_000020;01/11/1974;male;0;0;I;0;0;0;0;negative;1-no T2DM AND no HFpEF;Europe;;0;0;0;0;0;0;0;;84;85;174;114;126;110;100;;;;1;0;0;0;0;0;0;0;0;0;0;0;0;0;0;0;1;0;0;28/01/2022
CAR19_07_000021;01/08/1945;female;0;0;I;0;0;0;0;negative;1-no T2DM AND no HFpEF;Europe;;1;0;0;0;0;0;0;;78;88;154;103;166;104;76;-23.5;-18.1;47.9;1;0;0;0;0;1;0;0;0;0;0;0;0;0;0;0;0;0;0;03/02/2022
CAR19_07_000022;01/03/1971;female;0;0;I;0;0;0;0;negative;1-no T2DM AND no HFpEF;Europe;;0;0;0;0;0;0;0;;84;86;177;111;125;99;80;-17;-14.4;26.7;0;0;0;0;0;0;0;0;0;0;0;0;0;0;0;0;0;0;0;24/01/2022
CAR19_07_000023;01/01/1962;male;0;0;I;0;0;0;0;negative;1-no T2DM AND no HFpEF;Europe;;0;0;0;0;0;0;0;;82;72;171;106;135;103;84;-15.6;-16.4;23.7;0;0;0;0;0;0;0;0;0;0;0;0;0;0;0;0;1;0;0;17/02/2022
CAR19_07_000024;01/11/1954;male;1;0;I;0;0;0;0;negative;1-no T2DM AND no HFpEF;Europe;;0;0;0;0;0;0;0;;72;65;169;99;142;107;82;-17.9;-15.1;28.9;0;0;0;0;1;0;0;0;0;0;0;0;0;0;0;0;1;0;0;16/02/2022
CAR19_07_000025;01/04/1971;female;0;0;;0;0;0;0;negative;3-T2DM AND no HFpEF;Europe;;0;0;0;0;0;0;1;2021;91;83;167;120;140;124;95;-15.3;-13;23.4;1;0;0;0;0;0;0;0;0;0;0;0;0;1;0;0;1;0;0;23/02/2022
CAR19_07_000026;01/10/1957;female;1;0;II;0;0;0;1;negative;3-T2DM AND no HFpEF;Europe;;0;0;0;0;0;0;1;2021;90;81;152;136;170;118;95;-16.8;-15.2;26.4;0;0;0;0;1;1;0;0;0;0;0;0;0;1;0;1;1;0;0;10/03/2022
CAR19_07_000027;01/09/1968;female;0;0;I;0;0;0;0;negative;1-no T2DM AND no HFpEF;Europe;;0;0;0;0;0;0;;;69;76;164;110;117;94;75;-18;-14.8;30.9;1;0;0;0;0;0;0;0;0;0;0;0;0;0;0;0;0;0;0;25/03/2022
CAR19_07_000028;01/08/1962;female;0;0;I;0;0;0;0;negative;1-no T2DM AND no HFpEF;Europe;;0;0;0;0;0;0;0;;69;92;172;104;98;91;80;-21.7;-19.6;40.8;0;0;0;0;0;0;0;0;0;0;0;0;0;0;0;0;0;0;0;20/04/2022
CAR19_07_000029;01/10/1961;female;0;0;I;0;0;0;0;negative;1-no T2DM AND no HFpEF;Europe;;0;0;0;0;0;0;0;;76;90;173;105;125;82;62;-21.6;-17.1;39.5;0;0;0;0;0;0;0;0;0;0;0;0;0;0;0;0;0;0;0;06/04/2022
CAR19_07_000030;01/11/1964;female;0;0;I;0;0;0;0;negative;1-no T2DM AND no HFpEF;Europe;;0;0;0;0;0;0;0;;86;71;164;108;143;94;82;-13.5;-13.1;19.1;0;0;0;0;0;0;0;0;0;0;0;0;0;0;0;0;0;0;0;29/03/2022
CAR19_07_000031;01/03/1963;female;0;0;I;0;0;0;0;negative;1-no T2DM AND no HFpEF;Europe;;0;0;0;0;0;0;0;;79;88;159;95;142;80;61;-16.8;-16.5;26.4;1;0;0;0;0;0;0;0;0;0;0;0;0;0;0;0;1;0;0;31/03/2022
CAR19_07_000032;01/05/1972;female;0;0;I;0;0;;0;negative;1-no T2DM AND no HFpEF;Europe;;0;0;0;0;0;0;0;;65;66;164;110;96;92;75;-18.6;-14.3;30.8;0;0;0;0;0;0;0;0;0;0;0;0;0;0;0;0;0;0;0;04/05/2022
CAR19_07_000033;01/02/1947;female;0;0;I;0;0;0;0;negative;1-no T2DM AND no HFpEF;Europe;;;;;;;;0;;95;89;163;100;129;89;63;-22.5;-18.4;42.9;0;0;0;0;0;0;0;0;0;0;0;0;0;0;0;0;0;0;0;27/04/2022
CAR19_07_000034;01/05/1967;female;0;0;I;0;0;0;0;negative;1-no T2DM AND no HFpEF;Europe;;0;0;0;0;0;0;0;;78;70;150;110;130;120;80;-18.4;-13.4;30.5;0;0;0;0;0;0;0;0;0;0;0;0;0;0;0;0;0;0;0;29/04/2022
CAR19_07_000035;01/09/1954;female;0;0;I;0;0;0;;negative;1-no T2DM AND no HFpEF;Europe;;0;0;0;0;0;0;0;;94;76;166;105;182;76;62;-20.8;-19.9;38.3;0;0;0;0;0;0;0;0;0;0;0;0;1;0;0;0;0;0;0;04/05/2022
CAR19_07_000036;01/02/1967;male;0;0;I;0;0;0;0;negative;3-T2DM AND no HFpEF;Europe;;0;0;0;0;0;0;1;;79;58;172;;159;;87;-19;-14.9;32.3;1;0;0;1;0;0;0;0;0;0;0;0;0;0;0;0;1;0;0;05/05/2022
CAR19_07_000037;01/03/1965;female;0;0;I;0;0;0;0;negative;3-T2DM AND no HFpEF;Europe;;0;0;0;0;0;0;1;;66;109;158;118;111;107;94;-18.6;-17.7;31;1;0;0;0;0;0;0;0;0;0;0;0;0;1;0;0;1;0;1;10/05/2022
CAR19_07_000038;01/09/1973;female;0;0;I;0;0;0;0;negative;1-no T2DM AND no HFpEF;Europe;;0;0;0;0;0;0;0;;59;80;162;87;112;80;65;-21.1;-16.6;38.2;0;0;0;0;0;0;0;0;0;0;0;0;0;0;0;0;0;0;0;13/05/2022
CAR19_07_000039;01/07/1961;female;0;0;I;0;0;0;0;negative;3-T2DM AND no HFpEF;Europe;;0;0;0;0;0;0;1;;85;99;158;98;129;84;61;;;;;;0;0;;;0;;0;0;0;0;;1;;0;;0;;18/05/2022
CAR19_07_000040;01/06/1958;female;0;0;I;0;0;0;0;negative;3-T2DM AND no HFpEF;Europe;;0;0;0;0;0;0;1;;73;74;158;89;138;110;74;-13.9;-12.3;20.2;0;0;0;0;0;0;0;0;0;0;0;0;0;1;0;0;0;0;0;14/06/2022
CAR19_07_000041;01/02/1967;female;0;0;I;0;0;0;0;negative;3-T2DM AND no HFpEF;Europe;;0;0;0;0;0;0;1;;85;65;145;118;140;97;67;;;;0;0;0;0;0;0;0;0;0;0;0;0;0;0;0;0;0;0;0;24/06/2022
CAR19_07_000042;01/09/1966;female;0;0;I;0;1;0;0;negative;1-no T2DM AND no HFpEF;Europe;;0;0;0;0;0;0;0;;84;81;165;100;123;97;69;-18.5;-16.3;30.4;0;0;0;0;0;0;0;0;0;0;0;0;0;0;0;0;0;0;0;28/06/2022
CAR19_07_000043;01/02/1970;female;0;0;I;0;0;0;0;negative;3-T2DM AND no HFpEF;Europe;;0;0;0;0;0;0;1;2013;88;96;155;128;144;115;93;-15.7;-15.1;24.8;0;0;0;1;0;0;0;0;0;0;0;0;0;1;0;0;0;0;0;12/07/2022
CAR19_07_000045;01/05/1967;male;0;0;I;0;0;0;0;negative;1-no T2DM AND no HFpEF;Europe;;0;0;0;0;0;0;0;;86;63;173;95;144;100;87;;;;0;0;0;0;0;0;0;0;0;0;0;0;0;0;0;0;0;0;0;15/07/2022
CAR19_07_000046;01/09/1963;female;0;0;I;0;0;0;0;negative;1-no T2DM AND no HFpEF;Europe;;0;0;0;0;0;0;0;;88;61;165;100;131;75;63;;;;1;0;0;0;0;0;0;0;0;0;0;0;0;0;0;0;0;0;0;15/07/2022
CAR19_07_000047;01/12/1961;female;0;0;I;0;0;0;0;negative;1-no T2DM AND no HFpEF;Europe;;0;0;0;0;0;0;0;;57;70;160;96;91;80;67;-18.1;-14.6;29.5;0;0;0;0;0;0;0;0;0;0;0;0;0;0;0;0;0;0;0;22/07/2022
CAR19_07_000049;01/06/1957;female;0;0;I;0;0;0;0;negative;3-T2DM AND no HFpEF;Europe;;0;0;0;0;0;0;1;;65;83;158;97;120;90;66;-18.6;-14.7;32.2;0;0;0;0;0;0;0;0;0;0;0;0;0;1;0;0;1;0;0;30/08/2022
CAR19_07_000050;01/01/1956;female;0;0;I;0;0;0;0;negative;1-no T2DM AND no HFpEF;Europe;;0;0;0;0;0;0;0;;86;84;166;110;138;104;86;-19.4;-18.4;33.8;1;0;0;0;0;0;0;0;0;0;0;0;0;0;0;0;1;0;0;06/09/2022
CAR19_07_000052;01/08/1961;male;0;0;II;0;0;0;0;negative;3-T2DM AND no HFpEF;Europe;;0;0;0;0;0;1;1;;76;56;176;;133;;90;-19.1;-14.5;33.3;1;0;0;0;0;0;0;0;0;0;0;0;0;1;0;1;0;0;0;10/10/2022
CAR19_07_000053;01/01/1961;female;1;0;II;0;0;0;0;negative;1-no T2DM AND no HFpEF;Europe;;0;0;0;0;0;0;0;;87;71;157;112;182;100;74;-20.3;-13.9;37;1;0;0;0;0;0;0;0;0;0;0;0;0;0;0;0;1;0;0;21/10/2022
CAR19_07_000054;01/03/1960;female;0;0;II;0;0;0;0;negative;3-T2DM AND no HFpEF;Europe;;0;0;0;0;0;0;1;;71;71;171;;112;;80;-16.5;-13;25.7;1;0;0;0;0;0;0;0;0;0;0;0;0;1;0;0;1;0;0;30/01/2023
CAR19_07_000055;01/08/1970;female;;;;;;;;negative;1-no T2DM AND no HFpEF;Europe;;0;0;0;0;0;0;0;;69;81;162;110;112;80;73;-16.2;-14.6;24.7;0;0;0;0;0;0;0;0;0;0;0;0;0;0;0;0;0;0;0;03/11/2022
CAR19_07_000056;01/08/1960;female;0;0;I;0;0;0;0;negative;1-no T2DM AND no HFpEF;Europe;;0;0;0;0;0;0;0;;78;67;170;;133;;76;-18;-15.2;29.8;0;0;0;0;0;0;0;0;0;0;0;0;0;0;0;0;0;0;0;10/11/2022
CAR19_07_000058;01/03/1956;female;0;0;II;0;0;0;0;negative;3-T2DM AND no HFpEF;Northern Africa;;0;0;0;0;0;0;1;;70;61;163;90;138;80;60;-17.3;-15.5;27.6;0;0;0;1;0;0;0;0;0;0;0;0;0;0;0;1;0;0;0;22/02/2023
CAR19_07_000059;01/05/1969;female;0;0;I;0;0;0;0;negative;3-T2DM AND no HFpEF;Europe;;0;0;0;0;0;0;1;;63;74;164;111;125;108;83;;;;0;0;0;0;0;0;1;0;0;0;0;0;0;1;0;0;1;0;0;29/03/2023
CAR19_07_000060;01/01/1970;male;0;0;I;0;0;0;0;negative;3-T2DM AND no HFpEF;Europe;;0;0;0;0;0;0;1;;91;63;182;;155;;85;-16.4;-14.5;26.2;1;0;0;0;0;0;0;0;0;0;0;0;0;1;0;0;0;0;0;12/04/2023
CAR19_07_000061;01/12/1953;female;0;0;I;0;0;0;0;negative;3-T2DM AND no HFpEF;Europe;;0;0;0;0;0;0;1;;72;74;164;96;128;81;58;-19.5;-17.8;33.6;1;0;0;0;0;0;0;0;0;0;0;0;0;1;0;0;1;0;0;18/04/2023
CAR19_07_000062;01/09/1953;male;0;0;I;0;0;0;0;negative;3-T2DM AND no HFpEF;Europe;;0;0;0;0;0;0;1;;62;78;152;93;114;90;62;-13.4;-11.7;19;0;0;0;0;0;0;0;0;0;0;0;0;0;1;0;0;0;0;0;09/05/2023
CAR19_07_000063;01/01/1975;female;0;0;I;0;0;0;0;negative;3-T2DM AND no HFpEF;Europe;;0;0;0;0;0;0;1;;77;86;170;;124;;90;;;;1;0;0;0;1;0;0;0;0;0;0;0;1;1;0;0;0;0;0;11/05/2023
CAR19_07_000064;01/07/1952;male;0;0;I;0;0;0;0;negative;3-T2DM AND no HFpEF;Europe;;0;0;0;0;0;0;1;;80;78;174;;144;;84;;;;1;0;0;0;0;0;0;0;0;0;0;0;0;1;0;1;1;0;0;16/05/2023
CAR19_07_000065;01/03/1952;female;0;0;I;0;0;0;0;negative;3-T2DM AND no HFpEF;Europe;;0;0;0;0;0;0;1;;85;82;164;99;146;82;62;;;;0;0;0;0;0;0;0;0;0;0;0;0;0;1;0;0;0;0;0;24/05/2023
CAR19_07_000066;01/03/1972;female;0;0;I;0;0;0;0;negative;4-T2DM AND HFpEF;Middle East;;0;0;0;0;0;0;1;;70;65;170;101;114;103;81;;;;0;0;0;0;0;0;0;0;0;0;0;0;0;1;0;0;0;0;0;31/05/2023
CAR19_07_000067;01/03/1973;male;0;0;I;0;0;0;0;negative;3-T2DM AND no HFpEF;Europe;;0;0;0;0;0;0;1;;85;65;180;;123;;96;;;;1;0;0;0;0;0;0;0;0;0;0;0;0;1;0;0;0;0;0;06/06/2023
CAR19_07_000068;01/07/1959;female;0;0;I;0;0;0;0;negative;3-T2DM AND no HFpEF;Europe;;0;0;0;0;0;0;1;;83;;163;110;115;103;90;;;;0;0;0;0;0;0;0;0;0;0;0;0;0;1;0;0;0;0;0;08/06/2023
CAR19_07_000070;01/09/1953;male;1;0;I;0;0;0;0;negative;3-T2DM AND no HFpEF;Europe;;0;0;0;0;0;0;1;;88;65;168;103;150;104;80;;;;1;0;0;0;0;0;0;0;0;0;0;0;0;1;0;0;0;0;0;15/06/2023
CAR19_07_000071;01/09/1962;male;0;0;I;0;0;0;0;;3-T2DM AND no HFpEF;Europe;;0;0;0;0;0;1;1;;82;82;171;;130;;78.8;;;;1;0;0;1;0;0;0;0;0;0;0;0;0;1;0;0;1;0;0;05/07/2023
CAR19_07_000073;01/11/1971;male;0;0;II;0;0;0;0;negative;3-T2DM AND no HFpEF;Europe;;0;0;0;0;0;0;1;;69;57;165;;130;;83;;;;1;0;0;0;0;0;0;0;0;0;0;0;0;1;0;0;0;0;0;29/09/2023
CAR19_07_000074;01/09/1961;female;1;0;I;0;0;0;0;negative;3-T2DM AND no HFpEF;Europe;;0;0;0;0;0;0;1;;84;82;163;;139;;73;;;;1;0;0;0;0;0;0;0;0;0;0;0;0;1;0;0;1;0;0;21/06/2023
CAR19_07_000075;01/11/1971;female;0;0;I;0;0;0;0;negative;3-T2DM AND no HFpEF;Europe;;0;0;0;0;0;0;1;;81;79;170;;137;;80;;;;0;0;0;0;0;0;0;0;0;0;0;0;0;1;0;0;0;0;0;10/10/2023
CAR19_07_000077;01/01/1966;male;0;0;I;0;1;0;0;;3-T2DM AND no HFpEF;Europe;;0;0;0;0;0;0;1;;86;86;178;;129;;90;;;;0;0;0;0;0;0;0;0;0;0;0;0;0;1;0;0;1;0;0;19/10/2023
CAR19_07_000078;01/08/1950;male;0;0;I;0;1;0;0;;3-T2DM AND no HFpEF;Europe;;0;0;0;0;0;;1;;74;53;166;91;136;93;69;;;;0;0;0;0;0;0;0;0;0;0;0;0;0;1;0;0;1;0;0;24/10/2023
CAR19_07_000079;01/12/1963;female;1;0;I;0;0;0;0;negative;3-T2DM AND no HFpEF;Europe;;0;0;0;0;0;0;1;;85;73;166;;169;;84;;;;1;0;0;0;0;0;0;0;0;0;0;0;0;0;0;0;0;0;0;31/10/2023
CAR19_07_000080;01/09/1961;male;0;0;I;0;1;0;0;;3-T2DM AND no HFpEF;Europe;;0;0;0;0;0;1;1;;79;70;170;106;148;106;82;;;;0;0;0;0;0;0;0;0;0;;0;0;0;1;0;0;0;0;0;14/11/2023
CAR19_07_000081;01/03/1949;female;0;0;I;0;1;0;0;;3-T2DM AND no HFpEF;Europe;;0;0;0;0;0;0;1;;;;;;;;;;;;0;0;0;0;0;0;0;0;1;0;0;0;0;0;0;0;1;0;0;21/11/2023
CAR19_07_000082;01/05/1973;female;0;0;I;0;0;0;0;;3-T2DM AND no HFpEF;Europe;;0;0;0;0;0;0;0;;89;76;160;;136;;90;;;;0;0;0;0;0;0;0;0;0;0;0;0;0;0;0;0;0;0;0;18/10/2023
CAR19_07_000084;01/08/1947;female;0;0;I;0;0;0;0;negative;3-T2DM AND no HFpEF;Europe;;0;0;0;0;0;0;;;66;61;160;;141;;88;;;;0;0;0;0;0;0;0;0;0;0;0;0;0;0;0;0;0;0;0;12/12/2023
CAR19_07_000085;01/08/1950;female;0;0;I;0;0;0;0;negative;3-T2DM AND no HFpEF;Europe;;0;0;0;0;0;0;1;;79;86;162;;139;;72;;;;0;0;0;0;1;0;0;0;0;0;0;0;0;1;0;0;1;0;0;19/12/2023
CAR19_08_000001;01/07/1958;female;;0;I;0;;0;;negative;3-T2DM AND no HFpEF;Europe;;0;0;0;;0;0;1;2009;87;78;169;115;161;135;97;;;;0;0;0;0;0;0;0;0;0;0;1;0;0;1;0;;0;0;1;13/03/2023
CAR19_08_000002;01/02/1968;male;;;;;;;;negative;3-T2DM AND no HFpEF;Europe;;0;0;0;0;0;0;1;2022;69;67;190;112;128;108;96;-19.4;-10.3;33.8;0;0;0;0;0;0;0;0;0;0;0;0;0;1;0;1;1;0;0;15/03/2023
CAR19_08_000003;01/06/1970;female;1;0;;0;1;0;0;negative;3-T2DM AND no HFpEF;Europe;;0;0;0;0;0;0;1;2020;75;73;160;100;130;90;72;;;;1;0;0;0;1;1;0;0;0;0;0;0;0;1;0;0;1;0;1;12/04/2023
CAR19_08_000004;01/12/1943;male;;;;;;;;negative;3-T2DM AND no HFpEF;Europe;;0;0;0;0;0;0;1;2019;64;73;174;112;125;110;81;;;;1;0;0;0;0;0;0;0;0;0;0;0;0;0;0;0;1;0;0;14/04/2023
CAR19_08_000005;01/08/1963;female;0;0;I;0;0;0;0;negative;3-T2DM AND no HFpEF;Asian;;0;0;0;1;0;0;1;2006;71;90;154;93;117;84;52;;;;1;0;0;0;0;0;1;1;0;0;0;0;0;0;0;1;0;;0;14/04/2023
CAR19_08_000006;01/02/1946;female;;;;;;;;negative;1-no T2DM AND no HFpEF;Europe;;0;0;0;0;0;0;0;;91;89;146;107;156;96;62.5;;;;1;0;0;0;0;0;0;0;0;0;0;0;0;0;0;0;0;0;1;29/05/2023
CAR19_08_000007;01/04/1958;male;;;;;;;;negative;1-no T2DM AND no HFpEF;Europe;;0;0;0;0;0;0;0;;83;75;166;91;134;89;64;;;;1;0;0;0;0;0;0;0;0;0;0;0;0;0;0;0;1;0;0;30/05/2023
CAR19_08_000008;01/04/1970;male;;;;;;;;negative;1-no T2DM AND no HFpEF;Other;Perú;0;0;0;0;0;;0;;90;105;167;109;140;112;92;;;;1;0;0;0;0;0;0;0;0;0;0;0;0;0;0;0;0;0;1;30/05/2023
CAR19_08_000009;01/10/1948;female;;;;;;;;negative;1-no T2DM AND no HFpEF;Europe;;0;0;0;0;0;;0;;85;68;160;107;170;97;64;;;;1;0;0;0;1;0;0;0;0;0;0;0;0;0;0;0;0;0;0;31/05/2023
CAR19_08_000010;01/01/1972;female;;;;;;;;negative;1-no T2DM AND no HFpEF;Europe;;0;0;0;0;0;;0;;;;;;;;;;;;0;0;0;0;0;0;0;0;0;0;0;0;0;0;0;0;0;0;0;01/06/2023
CAR19_08_000011;01/04/1966;male;;;;;;;;negative;3-T2DM AND no HFpEF;Other;Panamá;0;0;0;0;0;0;1;2022;69;86;185;115;107;120;112;;;;1;0;0;0;0;0;1;0;0;0;0;0;0;1;0;0;0;;0;22/06/2023
CAR19_08_000013;01/01/1947;female;;;;;;;;negative;3-T2DM AND no HFpEF;Europe;;0;0;0;0;0;0;1;2000;72;58;144;112;145;108;69;;;;0;0;0;1;0;0;0;0;0;0;1;0;0;1;0;0;1;;0;27/07/2023
CAR19_08_000014;01/04/1967;female;;;;;;;;negative;3-T2DM AND no HFpEF;Afro-American;;;;;;;;;;70;66;165;115;129;101;79;;;;;;;;;;;;;;;;;;;;;;;21/08/2023
CAR19_08_000015;01/08/1950;female;0;0;;0;0;0;;negative;3-T2DM AND no HFpEF;;;0;0;0;0;0;;1;2012;78;85;151;111;145;107;50;;;;0;0;0;1;0;1;1;0;0;0;0;0;0;1;0;1;1;0;0;22/08/2023
CAR19_08_000016;01/01/1960;female;0;0;;0;0;0;;negative;3-T2DM AND no HFpEF;Europe;;0;0;0;0;0;0;1;2020;58;77;161;117;98;104;86;;;;0;0;0;0;0;0;0;0;0;0;0;0;0;1;0;1;1;0;1;13/09/2023
CAR19_08_000017;01/07/1949;male;0;0;;0;0;0;;negative;3-T2DM AND no HFpEF;Europe;;;;;;;;;;72;57;177;98;129;88;70;;;;;;;;;;;;;;;;;;;;;;;05/09/2023
CAR19_08_000019;01/02/1957;female;;;;;;;;negative;3-T2DM AND no HFpEF;Europe;;;;;;;;;;77;83;165;112;125;110;82;;;;;;;;;;;;;;;;;;;;;;;30/10/2023
CAR19_09_000001;01/02/1961;male;0;0;II;0;0;0;1;negative;1-no T2DM AND no HFpEF;Europe;;1;;;;;0;0;;78;72;167;99;121;106;78;;;;0;0;0;0;0;0;;0;0;0;0;;0;0;0;0;1;0;0;24/05/2022
CAR19_09_000002;01/07/1951;male;0;;I;0;0;0;0;negative;1-no T2DM AND no HFpEF;Other;South America;0;0;0;0;0;0;0;;60;68;160;94;130;96;65;;;;1;0;0;0;0;1;0;;0;0;0;0;0;0;0;0;1;0;0;26/05/2022
CAR19_09_000003;01/07/1965;female;;;;;;;;negative;1-no T2DM AND no HFpEF;Europe;;;;;;;;;;88;75;163;106;125;87;65;-17.2;-14.6;27.8;0;0;0;0;0;0;0;0;0;0;0;0;0;0;0;0;0;0;0;28/06/2022
CAR19_09_000004;01/10/1967;male;0;0;I;0;1;0;0;negative;1-no T2DM AND no HFpEF;Africa;;0;0;0;0;0;0;0;;64;62;174;96;101;96;77;;;;0;0;0;0;0;0;0;0;0;0;0;0;0;0;0;0;0;0;0;21/07/2022
CAR19_09_000014;01/12/1964;male;1;0;I;0;1;0;0;;1-no T2DM AND no HFpEF;Europe;;0;;;;;0;0;;77;76;186;102;131;106;89;;;;0;0;;;0;1;;0;;;;;0;;0;;0;;0;03/11/2022
CAR19_09_000015;01/01/1972;female;0;0;I;0;0;0;1;;3-T2DM AND no HFpEF;Europe;;0;0;0;0;0;0;1;2012;;;163;112;;109;85;;;;0;0;0;0;0;0;0;1;0;0;1;0;0;1;0;1;1;0;0;15/12/2022
CAR19_09_000016;01/07/1961;female;0;0;I;0;0;0;1;;3-T2DM AND no HFpEF;Europe;;0;0;0;0;0;0;1;2021;79;70;150;113;134;100;75;;;;1;0;0;0;0;1;0;0;0;0;0;0;0;1;0;0;0;0;0;14/02/2023
CAR19_10_000001;01/03/1969;female;0;0;I;0;0;0;1;negative;1-no T2DM AND no HFpEF;Europe;;0;0;0;0;0;0;0;;75;61;160;120;148;126;97;-19.1;-17.2;33.6;1;0;0;0;0;0;0;0;0;0;0;0;0;0;0;0;0;0;0;11/03/2022
CAR19_10_000002;01/04/1958;female;0;0;I;0;0;0;0;negative;2-no T2DM AND with HFpEF;Europe;;0;0;0;0;0;0;0;;94;96;169;103;159;90;69;-17.5;-11.6;29.4;0;0;0;0;1;0;0;0;0;0;0;0;0;0;0;0;0;0;0;23/03/2022
CAR19_10_000003;01/09/1960;male;0;0;II;0;0;0;1;negative;3-T2DM AND no HFpEF;Europe;;0;0;0;0;0;1;1;2018;93;89;174;126;141;114;112;-17.2;-12;27.9;1;0;0;0;1;1;0;0;0;0;0;0;0;1;0;0;1;0;1;30/03/2022
CAR19_10_000004;01/06/1950;male;0;0;I;0;0;0;0;negative;2-no T2DM AND with HFpEF;Europe;;0;;;;;0;0;;96;52;178;94;159;88;67;-17.8;-12;29.3;1;0;0;0;1;0;0;1;0;0;0;0;0;0;0;0;1;0;0;12/04/2022
CAR19_10_000005;01/12/1970;male;1;0;II;0;0;0;0;negative;3-T2DM AND no HFpEF;;;0;0;0;1;0;0;1;2015;93;96;172;105;127;115;88;-18.4;-11.8;31.6;0;0;;;0;0;;0;;;;;0;1;0;1;0;;1;14/04/2022
CAR19_10_000006;01/09/1968;female;1;0;II;0;1;0;0;negative;2-no T2DM AND with HFpEF;Europe;;0;0;0;0;0;;0;;88;77;160;103;139;99;73;-21.1;-14.6;40.7;0;0;0;0;0;0;0;0;0;0;;0;0;0;0;0;0;0;0;02/05/2022
CAR19_10_000007;01/04/1958;male;0;0;I;0;0;0;0;negative;1-no T2DM AND no HFpEF;Europe;;0;;;;;0;0;;70;60;180;91;117;88;80;-19;-13.8;33.2;1;0;0;0;0;0;0;0;0;0;0;0;0;0;1;0;1;0;0;10/05/2022
CAR19_10_000008;01/09/1954;female;0;0;I;0;0;0;0;negative;1-no T2DM AND no HFpEF;Europe;;0;0;0;0;0;;0;;99;60;160;108;158;95;75;-7.5;-15.1;29.5;1;0;0;0;0;0;0;0;0;0;0;0;0;0;0;0;0;0;1;02/06/2022
CAR19_10_000009;01/04/1961;female;0;0;III;0;0;0;1;negative;2-no T2DM AND with HFpEF;Europe;;0;0;0;0;1;0;0;;70;61;174;104;115;89;66;-17.9;-11.4;30.3;1;0;0;0;1;0;0;0;0;0;0;0;0;0;0;0;1;0;0;03/06/2022
CAR19_10_000010;01/12/1962;male;0;0;III;0;0;1;1;negative;3-T2DM AND no HFpEF;Europe;;1;0;0;0;0;0;1;2021;101;87;168;97;165;98;73;-15.9;-18.3;25.5;1;0;0;0;1;0;0;0;0;0;0;0;0;1;0;0;1;0;1;20/06/2022
CAR19_10_000011;01/04/1969;female;0;0;I;0;1;0;0;negative;1-no T2DM AND no HFpEF;Europe;;0;0;0;0;0;0;0;;75;80;170;104;122;88;70;-16.3;-10.6;25.1;0;0;0;0;0;0;0;0;0;0;0;0;0;0;0;0;0;0;0;05/07/2022
CAR19_10_000012;01/09/1963;male;0;0;I;0;1;0;0;negative;3-T2DM AND no HFpEF;Europe;;0;0;0;0;0;1;1;2017;101;85;188;104;149;107;100;-13.1;-9;19.4;1;0;0;0;0;0;1;0;0;0;0;0;0;1;0;0;1;0;0;21/07/2022
CAR19_10_000013;01/08/1952;male;0;0;I;0;0;0;0;negative;3-T2DM AND no HFpEF;Europe;;0;0;0;0;0;0;1;2006;103;65;184;102;151;104;91;-17.2;-11.3;30.6;1;0;0;0;0;0;0;;0;0;0;0;0;1;0;0;1;0;1;03/08/2022
CAR19_10_000014;01/05/1967;female;0;1;III;0;1;0;0;negative;4-T2DM AND HFpEF;Europe;;1;0;0;0;0;0;1;2009;65;60;156;125;115;117;97.5;-17.7;-14.8;29.5;1;0;0;0;1;0;0;0;0;0;0;0;0;0;0;0;1;0;1;18/08/2022
CAR19_10_000015;01/04/1960;female;0;0;II;0;0;0;0;negative;3-T2DM AND no HFpEF;Europe;;1;0;0;0;0;1;1;2016;96;80;175;125;144;118;114;-16.8;-12.3;29;1;0;0;0;0;0;0;0;0;0;0;0;0;0;0;0;0;0;0;15/09/2022
CAR19_10_000016;01/07/1966;male;0;0;I;0;0;0;0;negative;1-no T2DM AND no HFpEF;Europe;;0;0;0;0;0;1;0;;96;65;176;104;140;93;74;-12.9;-8.9;18.6;1;0;0;0;0;0;0;0;0;0;0;0;0;0;0;0;0;0;0;07/10/2022
CAR19_10_000017;01/10/1950;male;0;0;II;0;0;0;0;negative;3-T2DM AND no HFpEF;Europe;;0;0;1;0;0;0;1;2003;82;70;180;104;129;110;88;-17.1;-12.7;30;1;0;0;0;0;0;0;0;0;0;0;0;0;1;0;1;1;1;0;15/02/2023
CAR19_10_000018;01/02/1960;female;0;0;I;0;0;0;1;negative;3-T2DM AND no HFpEF;Europe;;0;0;0;0;0;0;1;1997;88;72;163;115;130;111;89;-21.1;-15.7;39.9;1;0;0;1;0;1;1;0;0;0;0;0;0;0;0;0;0;0;0;01/03/2023
CAR19_10_000019;01/05/1970;male;0;0;II;0;0;1;1;negative;3-T2DM AND no HFpEF;Europe;;0;0;0;0;0;1;1;2018;81;84;188;106;117;111;103;-15.7;-11.6;24.6;1;0;0;0;0;0;0;0;0;0;0;0;0;0;0;0;0;0;0;02/03/2023
CAR19_10_000021;01/05/1967;female;0;0;II;0;0;0;1;negative;3-T2DM AND no HFpEF;Europe;;0;0;0;0;0;0;1;2015;67;70;171;127;123;129;105;-15.5;-13.3;26.2;1;0;0;0;1;1;0;0;0;0;0;0;0;1;0;0;1;0;0;05/04/2023
CAR19_10_000022;01/02/1978;male;0;0;I;0;0;0;0;negative;3-T2DM AND no HFpEF;Europe;;0;0;0;0;0;0;1;2017;96;79;198;113;146;125;120;-15.2;-12.3;25.3;0;0;0;0;0;0;0;0;0;0;0;0;0;1;0;1;0;0;0;13/04/2023
CAR19_10_000023;01/01/1955;female;0;0;II;0;0;0;1;negative;3-T2DM AND no HFpEF;Europe;;0;0;0;0;0;1;1;2003;72;67;156;96;139;86;57;-21.4;-14.8;43.4;1;1;0;0;1;1;0;0;0;0;1;0;0;1;1;0;1;0;1;18/04/2023
CAR19_10_000024;01/05/1950;female;0;0;III;0;0;0;1;negative;3-T2DM AND no HFpEF;Europe;;1;0;0;0;0;0;1;2021;117;60;169;112;156;107;75;;;;1;0;0;0;1;1;0;0;0;0;0;0;1;1;0;0;1;0;1;21/04/2023
CAR19_10_000025;01/09/1954;female;0;0;II;0;0;0;1;negative;3-T2DM AND no HFpEF;Europe;;0;0;0;0;0;0;1;2018;73;70;156;109;136;104;72;-20.3;-13;37.3;0;0;0;0;1;1;0;0;0;0;0;0;0;1;0;0;1;0;0;27/04/2023
CAR19_10_000026;01/03/1963;female;0;0;I;0;0;0;0;negative;2-no T2DM AND with HFpEF;Europe;;0;0;0;0;0;0;0;;88;63;162;92;122;74;64;-16.5;-9.7;26.2;0;0;0;0;0;0;0;0;0;0;0;0;0;0;0;0;1;0;0;15/05/2023
CAR19_10_000027;01/08/1963;male;0;0;III;1;0;1;1;negative;3-T2DM AND no HFpEF;Europe;;1;0;1;0;0;1;1;2021;96;96;180;119;137;130;116;-11.4;-15.9;35;1;1;0;0;0;0;0;0;0;0;1;0;0;1;1;0;1;0;1;17/05/2023
CAR19_10_000028;01/04/1953;female;0;0;II;0;0;0;1;negative;3-T2DM AND no HFpEF;Europe;;0;0;0;0;0;0;1;2010;76;80;160;106;122;95;68;;;;1;0;0;0;0;0;0;0;0;0;0;0;0;1;0;1;1;0;0;19/06/2023
CAR19_10_000029;01/07/1960;male;0;0;I;0;0;0;0;negative;3-T2DM AND no HFpEF;Europe;;0;0;0;0;0;0;1;2008;71;54;173;99;122;100;78;;;;0;0;0;1;1;0;0;0;0;0;0;0;0;1;0;1;1;0;0;06/07/2023
CAR19_10_000030;01/10/1958;female;0;0;II;0;0;0;1;negative;2-no T2DM AND with HFpEF;Europe;;0;;;;;0;0;;98;61;180;120;152;105;90;;;;0;0;0;0;1;0;0;0;0;0;0;0;0;0;0;0;0;0;0;20/07/2023
CAR19_10_000031;01/07/1961;male;0;0;I;0;0;0;0;negative;1-no T2DM AND no HFpEF;Europe;;0;0;0;0;0;1;0;;100;70;183;102;141;92;82;;;;1;0;0;0;1;0;0;0;0;0;0;0;0;0;0;0;0;0;0;08/08/2023
CAR19_11_000001;01/12/1973;female;0;0;I;0;0;0;0;positive;5-no T2DM AND with HCM;Europe;;0;0;0;0;0;0;0;;70;60;178;104;100;78;76;;;;0;0;0;0;1;0;0;0;0;0;0;0;0;0;0;0;0;0;0;29/06/2021
CAR19_11_000002;01/09/1960;female;0;0;I;0;0;0;0;positive;5-no T2DM AND with HCM;Other;West Africa;0;0;0;0;0;0;0;;74;54;159;106;116;94;76;;;;1;0;0;0;0;0;0;0;0;0;0;0;0;0;0;0;0;0;0;02/07/2021
CAR19_11_000003;01/05/1964;female;0;0;II;0;1;0;1;negative;5-no T2DM AND with HCM;Europe;;0;0;0;0;0;0;0;;85;74;155;106;109;92;65;-21;-17;40.7;0;0;0;0;0;0;0;0;0;0;0;0;0;0;0;0;0;0;0;20/07/2021
CAR19_11_000004;01/06/1958;male;0;0;I;0;1;0;0;positive;5-no T2DM AND with HCM;Europe;;0;0;0;0;0;0;0;;70;70;180;107;120;107;89;-17.8;-16.3;29.5;0;0;0;0;1;0;0;0;0;0;0;0;0;0;0;0;0;0;0;03/08/2021
CAR19_11_000005;01/09/1947;female;0;1;I;0;1;0;0;positive;5-no T2DM AND with HCM;Europe;;0;0;0;0;0;0;0;;69;75;163;163;105;91;67;;;;1;;0;0;1;;0;;0;0;0;0;;0;;0;1;0;;19/08/2021
CAR19_11_000006;01/07/1962;male;0;0;I;0;0;0;0;positive;5-no T2DM AND with HCM;Europe;;0;0;0;0;0;0;0;;95;77;177;112;136;101;99;;;;1;0;0;0;1;1;0;0;0;0;0;0;0;0;0;0;1;0;0;05/10/2021
CAR19_11_000007;01/07/1970;male;0;1;II;0;0;0;1;positive;5-no T2DM AND with HCM;Europe;;0;0;0;0;0;1;0;;80;85;178;121;140;117;120;;;;1;0;0;0;1;0;0;0;0;0;0;0;0;0;0;0;0;0;0;19/10/2021
CAR19_11_000008;01/03/1965;male;0;0;I;0;0;0;0;positive;5-no T2DM AND with HCM;Europe;;0;0;0;0;0;0;0;;80;65;180;112;120;100;95;;;;1;0;0;0;1;0;0;0;0;0;0;0;0;0;0;0;1;0;0;19/10/2021
CAR19_11_000009;01/04/1959;male;0;0;I;0;0;0;0;negative;5-no T2DM AND with HCM;Europe;;0;0;0;0;0;0;0;;80;48;178;;146;;77;;;;0;0;0;0;1;0;0;0;0;0;0;0;0;0;0;0;0;0;0;05/11/2021
CAR19_11_000010;01/10/1961;female;0;0;I;0;0;0;0;positive;5-no T2DM AND with HCM;Europe;;0;0;0;0;;0;0;;66;67;173;;119;;67;;;;0;0;0;0;0;0;0;0;0;0;0;0;0;0;0;0;0;0;0;15/11/2021
CAR19_11_000011;01/05/1969;female;0;1;I;0;1;0;1;negative;5-no T2DM AND with HCM;Europe;;0;0;0;0;0;0;0;;87;42;176;83;125;64;52;;;;0;0;0;0;0;0;0;0;0;0;0;0;1;0;0;0;0;0;0;06/12/2021
CAR19_11_000012;01/01/1973;male;0;0;I;0;0;0;0;positive;5-no T2DM AND with HCM;Europe;;0;0;0;0;0;0;0;;95;60;182;104;144;94;84;;;;1;0;0;0;1;0;0;0;0;0;0;0;0;0;0;0;0;0;0;14/12/2021
CAR19_11_000013;01/02/1963;female;0;0;I;0;0;0;0;positive;5-no T2DM AND with HCM;Europe;;0;0;0;0;0;0;0;;97;60;170;141;117;107;112;;;;1;0;0;0;0;1;0;0;0;0;0;0;1;0;0;0;0;0;0;17/12/2021
CAR19_11_000014;01/08/1972;female;0;0;I;0;;0;0;positive;5-no T2DM AND with HCM;Europe;;0;0;0;0;0;;0;;96;62;173;140;151;115;119;;;;1;0;0;0;1;1;0;0;0;0;0;0;0;0;0;0;0;0;0;19/01/2022
CAR19_11_000015;01/03/1964;male;0;0;I;0;1;0;0;positive;5-no T2DM AND with HCM;Europe;;0;0;0;0;0;0;0;;99;72;174;101;139;96;81;;;;0;0;0;0;0;0;0;0;0;0;0;0;0;0;0;0;0;0;0;07/02/2022
CAR19_11_000016;01/12/1971;male;1;0;III;0;1;0;1;positive;5-no T2DM AND with HCM;Afro-American;;0;0;0;0;0;0;0;;115;79;178;103;165;92;75;;;;1;1;0;0;1;0;0;0;0;0;0;0;1;0;0;0;1;0;0;14/03/2022
CAR19_11_000017;01/08/1957;male;0;0;I;0;0;0;0;positive;5-no T2DM AND with HCM;Europe;;0;0;0;0;0;0;0;;83;69;186;101;140;87;79;;;;0;0;0;0;1;0;0;0;0;0;0;0;0;0;0;0;0;0;0;24/03/2022
CAR19_11_000018;01/04/1967;female;0;0;I;0;0;0;0;positive;5-no T2DM AND with HCM;Europe;;0;0;0;0;0;0;0;;81;82;167;118;121;97;90;;;;1;0;0;0;0;0;0;0;0;0;0;0;0;0;0;0;0;0;0;28/07/2022
CAR19_11_000019;01/07/1955;female;0;0;II;0;0;0;0;positive;5-no T2DM AND with HCM;Europe;;0;0;0;0;0;0;0;;81;60;173;103;123;79;69;;;;1;0;0;0;1;0;0;0;0;0;0;0;0;0;0;0;1;0;0;29/07/2022
CAR19_11_000020;01/09/1957;male;0;0;II;0;0;0;1;positive;5-no T2DM AND with HCM;Europe;;0;0;0;0;0;0;0;;81;68;186;116;120;130;120;;;;1;1;0;0;1;1;0;0;0;0;0;0;1;0;0;0;0;0;0;30/08/2022
CAR19_11_000021;01/11/1977;male;0;0;I;0;0;0;1;positive;5-no T2DM AND with HCM;Europe;;0;0;0;0;0;1;0;;79;61;177;112;134;102;88;;;;1;0;0;0;1;0;0;0;0;0;0;0;0;0;0;0;1;0;0;08/11/2022
CAR19_11_000023;01/01/1960;male;0;0;II;0;1;0;1;positive;4-T2DM AND HFpEF;Europe;;0;0;0;0;0;0;1;2012;83;67;183;109;135;120;104;;;;;;;;1;;;;;;;;1;1;;1;1;;;15/02/2023
CAR19_11_000024;01/08/1952;male;0;0;I;0;0;0;0;positive;5-no T2DM AND with HCM;Europe;;0;0;0;0;0;0;0;;74;87;169;96;124;78;62;;;;1;0;0;0;0;0;0;0;0;0;0;0;0;0;0;0;0;0;0;24/02/2023
CAR19_11_000025;01/09/1967;female;0;0;II;0;0;0;1;positive;5-no T2DM AND with HCM;Europe;;0;0;0;0;0;0;0;;75;55;165;112;105;86;72;;;;0;0;0;0;1;0;0;0;0;0;0;0;0;0;1;0;0;0;0;31/03/2023
CAR19_11_000026;01/02/1960;male;0;0;I;0;0;0;0;positive;5-no T2DM AND with HCM;Europe;;0;0;0;0;0;0;0;;81;46;183;108;135;106;96;;;;0;1;0;0;0;0;0;0;0;0;0;0;0;0;0;0;0;0;0;29/06/2023
CAR19_11_000028;01/02/1968;male;0;0;II;0;1;0;1;positive;5-no T2DM AND with HCM;Europe;;0;0;0;0;0;0;0;;80;44;174;;115;0;84;;;;1;0;0;0;0;0;0;0;0;0;0;0;0;0;0;1;0;0;0;04/09/2023
