subject_id;birthdate;sex;Alcohol consumption;Other addictive behaviors;Smoking;ALAT;Albumin to creatinine ratio;ALP;ASAT;Cholesterol total;Cholesterol total;Cholesterol total;CPK;Creatinine;Fasting glycemia;Fasting HbA1c;Fasting insulinemia;GFR;Haematocrit;HDLc;HDLc;HDLc;hsTnT;LDH;LDLc;LDLc;LDLc;NT-proBNP;Platelets;Triglycerides;Triglycerides;Triglycerides;us-CRP;Gamma-GT;Fat mass;Lean mass;Skeletal muscle index;Total mass;A;COsimpson;Dt;E;EA;EDPWT;EDSWT;EFsimpson;LA-LS-conduit;LA-LS-contract;LA-LS-res;latE';LAV_ES_al;LAV_ES_simpson;LVEDD;LVEDV;LVESV;LVOT;LVOT VTI;RV-GLS;septE';TR Vmax;GCS_ap;GCS_bas;GCS_mid;GLS-2CH;GLS-3CH;GLS-4CH;Angina pectoris;Ankle swelling;Dyspnea (NYHA);Orthopnea;Palpitations;Paroxysmal nocturnal dyspnea;Reduced exercise tolerance;COVID19 results;CARDIATEAM group;Geographic origin;Other origin;COPD;Diabetic feet - History;Diabetic neuropathy;Microalbuminuria;Retinopathy;Sleep Apnea Syndrome - History;Type 2 diabetes;Type 2 diabetes diagnosis - Year;Diastolic blood pressure;Heart rate;Height;Hip;Systolic blood pressure;Waist;Weight;LV_peak_systolic_circ_strain;LV_peak_systolic_long_strain;LV_peak_systolic_rad_strain;ACEIs/ARBs;Aldosterone Receptor Antagonists;Alpha-glucosidase Inhibitors;Basal Insulin;Beta-blockers;Calcium Channel Blockers;DPP-4 Inhibitors;Fibrates;Glinides;Glitazones;GLP-1 Receptor Agonists;Insulin Pump;Loop Diuretics;Metformin (biguanides);Potassium Sparing Diuretics;SGLT-2 Inhibitors;Statins;Sulfonamides;Thiazides;B0 VISIT DATE
CAR19_11_000001;01/12/1973;female;Yes;0;Active smoker;25;;;24;;1.65;g/L;110;69;4.55;4.8;5.1;92;46;;0.63;g/L;14;237;0.93;;g/L;1491;2;;g/L;0.45;2;16;23.3;52.7;7.7;76;0.54;4.78;203;0.86;1.63;1.1;1.4;68;-11;-15;26;8;86;82;3.8;103;33;2.1;;-26;7;2.35;-16.7;-8.6;-17.3;-22.3;-19.9;-20.9;0;0;I;0;0;0;0;positive;5-no T2DM AND with HCM;Europe;;0;0;0;0;0;0;0;;70;60;178;104;100;78;76;;;;0;0;0;0;1;0;0;0;0;0;0;0;0;0;0;0;0;0;0;29/06/2021
CAR19_11_000002;01/09/1960;female;No;0;No;19;;52;28;;2.01;g/L;218;70;4.496;6;3.8;82;40;;0.58;g/L;5.35;283;1.28;;g/L;181;;;g/L;0.77;8.5;32;28.5;46.5;7.6;75;0.5;2.95;172;0.73;1.44;1.1;1.5;63;-12;-7;19;8;89;86;3.9;99;36;2.1;;-18;8;2.76;-27.2;-17.3;-22.9;-16.7;-20.6;-15.3;0;0;I;0;0;0;0;positive;5-no T2DM AND with HCM;Other;West Africa;0;0;0;0;0;0;0;;74;54;159;106;116;94;76;;;;1;0;0;0;0;0;0;0;0;0;0;0;0;0;0;0;0;0;0;02/07/2021
CAR19_11_000003;01/05/1964;female;Yes;0;Active smoker;29;;56;25;;1.96;g/L;350;66;5.38;6;7.8;89;41;;0.54;g/L;30.4;274;1.24;;g/L;453;;;g/L;0.89;5.7;24;16;49;9.4;65;1.02;2.96;226;1.19;1.17;0.9;1.3;53;-8;-9;17;8;92;86;3.6;82;38;2;;;14;2.97;;;;-22.7;-20;-22.2;0;0;II;0;1;0;1;negative;5-no T2DM AND with HCM;Europe;;0;0;0;0;0;0;0;;85;74;155;106;109;92;65;-21;-17;40.7;0;0;0;0;0;0;0;0;0;0;0;0;0;0;0;0;0;0;0;20/07/2021
CAR19_11_000004;01/06/1958;male;Yes;0;Active smoker;19;;63;19;;1.95;g/L;75;67;5.55;5.1;9.1;97;44;;0.95;g/L;6.06;231;1.25;;g/L;235;;;g/L;0.56;2;24;17.1;71.9;11.1;89;0.67;3.84;160;0.6;0.89;1.2;1.6;54;-11;-20;30;10;65;60;5;132;61;2.2;;-22;7;;-9.6;-12.5;-8.4;-20.8;-12.8;-18.4;0;0;I;0;1;0;0;positive;5-no T2DM AND with HCM;Europe;;0;0;0;0;0;0;0;;70;70;180;107;120;107;89;-17.8;-16.3;29.5;0;0;0;0;1;0;0;0;0;0;0;0;0;0;0;0;0;0;0;03/08/2021
CAR19_11_000005;01/09/1947;female;No;0;No;23;;79;32;;1.51;g/L;229;72;5;5.5;7.8;72;40;;0.58;g/L;13.6;242;0.81;;g/L;324;;;g/L;0.61;2;12;18.5;48.5;8.4;67;1.39;3.95;268;0.84;0.61;1.2;1.2;65;-8;-11;19;4;77;71;3.5;94;33;1.9;;-20;4;2.19;-17.5;-17.2;-21.3;-17.8;-22.8;-18.3;0;1;I;0;1;0;0;positive;5-no T2DM AND with HCM;Europe;;0;0;0;0;0;0;0;;69;75;163;163;105;91;67;;;;1;;0;0;1;;0;;0;0;0;0;;0;;0;1;0;;19/08/2021
CAR19_11_000006;01/07/1962;male;Yes;0;No;150;;81;47;;1.67;g/L;101;71;6.61;5.3;40.1;98;47;;0.4;g/L;22;233;1.11;;g/L;69;;;g/L;0.8;2;56;21.9;77.1;12.2;99;0.91;5.55;202;0.64;0.7;1.3;1.2;53;-4;-8;13;9;93;87;4.5;154;72;2.1;;-24;4;;-26.6;-18.5;-28;-8.5;-8.9;-12.2;0;0;I;0;0;0;0;positive;5-no T2DM AND with HCM;Europe;;0;0;0;0;0;0;0;;95;77;177;112;136;101;99;;;;1;0;0;0;1;1;0;0;0;0;0;0;0;0;0;0;1;0;0;05/10/2021
CAR19_11_000007;01/07/1970;male;Yes;0;Former smoker;49;;55;31;;2.24;g/L;146;77;6;4.3;28.2;100;47;;2.24;;9.9;200;1.5;;g/L;302;;;g/L;1.83;2;61;39;81;13.6;120;0.85;5.34;253;1.02;1.19;1.3;1.4;58;-13;-13;26;8;121;115;4.5;143;60;2.1;;-21;5;;-15.9;-9.3;-21.4;-13.7;-13.8;-18.9;0;1;II;0;0;0;1;positive;5-no T2DM AND with HCM;Europe;;0;0;0;0;0;1;0;;80;85;178;121;140;117;120;;;;1;0;0;0;1;0;0;0;0;0;0;0;0;0;0;0;0;0;0;19/10/2021
CAR19_11_000008;01/03/1965;male;Yes;0;No;27;;53;26;;2.96;g/L;;88;6.3;5.5;7.7;85;46;;0.51;g/L;24;199;2.06;;g/L;158;;;g/L;1.94;2;32;28.5;66.5;9.6;95;0.39;4.41;128;0.4;1.04;1.5;1.6;56;-9;-13;22;12;109;102;5.4;132;58;2.5;;-17;5;;-15.3;-12.6;-18.3;-12.2;-12.2;-14;0;0;I;0;0;0;0;positive;5-no T2DM AND with HCM;Europe;;0;0;0;0;0;0;0;;80;65;180;112;120;100;95;;;;1;0;0;0;1;0;0;0;0;0;0;0;0;0;0;0;1;0;0;19/10/2021
CAR19_11_000009;01/04/1959;male;Yes;0;No;28;;50;21;;1.88;;;65;5.1;5.3;5.5;99;47;;0.46;;11.8;203;1.25;;g/L;79;;;g/L;0.84;2;14;15;61.9;9.7;77;0.68;;315;0.47;0.69;1.4;1.5;69;-8;-10;19;11;108;100;5.1;177;55;2.5;25.2;-15;7;2.87;-21.6;-17.4;-19.5;-19.3;-17.6;-20.3;0;0;I;0;0;0;0;negative;5-no T2DM AND with HCM;Europe;;0;0;0;0;0;0;0;;80;48;178;;146;;77;;;;0;0;0;0;1;0;0;0;0;0;0;0;0;0;0;0;0;0;0;05/11/2021
CAR19_11_000010;01/10/1961;female;Yes;0;No;22;;79;19;;2.34;g/L;;72;4.7;5.7;6.5;79;36;;0.43;g/L;7.57;284;1.66;;g/L;426;;;g/L;1.25;6;29;20.8;46.2;6.6;67;0.49;3.15;217;0.64;1.3;0.8;1.1;75;-16;-10;26;11;97;91;4.8;87;22;1.9;27.5;-17;7;2.52;-17.2;-17.9;-26.6;-26.2;-21.4;-26.3;0;0;I;0;0;0;0;positive;5-no T2DM AND with HCM;Europe;;0;0;0;0;;0;0;;66;67;173;;119;;67;;;;0;0;0;0;0;0;0;0;0;0;0;0;0;0;0;0;0;0;0;15/11/2021
CAR19_11_000011;01/05/1969;female;Yes;0;No;73;;70;77;;1.81;g/L;;59;3.2;4;0.3;101;36;;0.65;g/L;32;330;1;;g/L;809;;;g/L;0.8;2;23;;;;;0.41;2.66;174;0.51;1.24;0.7;1.6;64;;;;10;71;65;4;105;38;2.1;;-23;;;-19.8;-25.7;-21.4;-25.6;-21.9;-23.8;0;1;I;0;1;0;1;negative;5-no T2DM AND with HCM;Europe;;0;0;0;0;0;0;0;;87;42;176;83;125;64;52;;;;0;0;0;0;0;0;0;0;0;0;0;0;1;0;0;0;0;0;0;06/12/2021
CAR19_11_000012;01/01/1973;male;Yes;0;No;39;;51;27;;2.27;g/L;;88;5;5.1;11.2;88;42;;0.63;g/L;7.75;216;1.4;;g/L;321;;;g/L;1.18;2;24;18.9;65.1;9.9;84;;3.91;;;;1.4;1.7;52;-12;-12;23;8;87;80;4;172;82;2;;-20;7;;;;;-18.9;-16.7;-17.9;0;0;I;0;0;0;0;positive;5-no T2DM AND with HCM;Europe;;0;0;0;0;0;0;0;;95;60;182;104;144;94;84;;;;1;0;0;0;1;0;0;0;0;0;0;0;0;0;0;0;0;0;0;14/12/2021
CAR19_11_000013;01/02/1963;female;Yes;0;No;22;;69;22;;2.14;g/L;;57;5.7;5.2;17.3;99;43;;0.52;g/L;6.48;292;1.37;;g/L;134;;;g/L;1.24;13.7;20;55.7;56.3;9.5;112;;;;;;;;;;;;;;;;;;;;;;;;;;;;;0;0;I;0;0;0;0;positive;5-no T2DM AND with HCM;Europe;;0;0;0;0;0;0;0;;97;60;170;141;117;107;112;;;;1;0;0;0;0;1;0;0;0;0;0;0;1;0;0;0;0;0;0;17/12/2021
CAR19_11_000014;01/08/1972;female;Yes;0;No;16;;71;21;;1.8;g/L;105;66;4.8;5.1;13.9;94;41;;0.51;g/L;30.8;246;1.11;;g/L;1071;;;g/L;0.92;3.7;9;59.4;59.6;9.7;119;;;;;;;;;;;;;;;;;;;;;;;;;;;;;0;0;I;0;;0;0;positive;5-no T2DM AND with HCM;Europe;;0;0;0;0;0;;0;;96;62;173;140;151;115;119;;;;1;0;0;0;1;1;0;0;0;0;0;0;0;0;0;0;0;0;0;19/01/2022
CAR19_11_000015;01/03/1964;male;Yes;0;No;19;;100;31;;1.93;g/L;;97;4.7;5.5;6.6;74;56;;0.39;g/L;15.6;167;1.2;;g/L;751;;;g/L;1.68;4.9;16;14.1;66.9;11.3;81;0.7;5.2;192;0.5;0.72;1.2;2.4;64;-5;-9;15;;64;61;4;123;45;2;18.2;-16;;;-16.6;-11;-13.8;-14.6;-17.8;-15.8;0;0;I;0;1;0;0;positive;5-no T2DM AND with HCM;Europe;;0;0;0;0;0;0;0;;99;72;174;101;139;96;81;;;;0;0;0;0;0;0;0;0;0;0;0;0;0;0;0;0;0;0;0;07/02/2022
CAR19_11_000016;01/12/1971;male;Yes;0;Active smoker;85;;109;109;;1.75;g/L;;119;5.2;4.8;5.9;61;35;;0.55;g/L;9.79;271;;;g/L;300;;;g/L;4.58;2;;11.3;63.7;10.6;75;;;;;;;;;;;;;;;;;;;;;;;;;;;;;1;0;III;0;1;0;1;positive;5-no T2DM AND with HCM;Afro-American;;0;0;0;0;0;0;0;;115;79;178;103;165;92;75;;;;1;1;0;0;1;0;0;0;0;0;0;0;1;0;0;0;1;0;0;14/03/2022
CAR19_11_000017;01/08/1957;male;Yes;0;No;14;;86;32;;2.2;g/L;;99;5.3;5.3;10.6;69;45;;0.63;g/L;8.51;252;1.3;;g/L;361;;;g/L;1.36;2;22;18.9;60;8.4;79;;;;;;;;;;;;;;;;;;;;;;;;;;;;;0;0;I;0;0;0;0;positive;5-no T2DM AND with HCM;Europe;;0;0;0;0;0;0;0;;83;69;186;101;140;87;79;;;;0;0;0;0;1;0;0;0;0;0;0;0;0;0;0;0;0;0;0;24/03/2022
CAR19_11_000018;01/04/1967;female;Yes;0;Former smoker;17;;55;22;;1.78;g/L;;119;5.3;6;11.1;101;37;;0.55;g/L;9.79;224;1.1;;g/L;101;;;g/L;0.64;3.9;6;34;56;8.9;90;0.99;6.66;213;0.86;0.87;0.8;0.9;72;;;;;118;118;5.2;145;41;2;;-17;;;;;;-15.1;-18.4;-25.1;0;0;I;0;0;0;0;positive;5-no T2DM AND with HCM;Europe;;0;0;0;0;0;0;0;;81;82;167;118;121;97;90;;;;1;0;0;0;0;0;0;0;0;0;0;0;0;0;0;0;0;0;0;28/07/2022
CAR19_11_000019;01/07/1955;female;Yes;0;Former smoker;16;;66;20;;1.36;g/L;;58;4.8;5.3;8.6;92;42;;0.58;g/L;3.52;183;0.68;;g/L;257;;;g/L;0.51;2;11;17.7;51.3;7.7;69;0.82;4.8;283;0.69;0.84;1.1;1.1;71;;;;12;77;80;5.5;146;42;;22.1;;6;;;;;-20.8;-16.4;-18.6;0;0;II;0;0;0;0;positive;5-no T2DM AND with HCM;Europe;;0;0;0;0;0;0;0;;81;60;173;103;123;79;69;;;;1;0;0;0;1;0;0;0;0;0;0;0;0;0;0;0;1;0;0;29/07/2022
CAR19_11_000020;01/09/1957;male;Yes;0;Former smoker;38;;99;30;;1.57;g/L;;105;5.71;5.2;17.1;64;48;;0.45;g/L;10.6;196;0.96;;g/L;188;;;g/L;0.82;3.6;24;47;73;10;120;;;;;;;;;;;;;;;;;;;;;;;;;;;;;0;0;II;0;0;0;1;positive;5-no T2DM AND with HCM;Europe;;0;0;0;0;0;0;0;;81;68;186;116;120;130;120;;;;1;1;0;0;1;1;0;0;0;0;0;0;1;0;0;0;0;0;0;30/08/2022
CAR19_11_000021;01/11/1977;male;Yes;0;No;58;;52;43;;1.23;g/L;;79;5.2;5.6;22;103;48;;0.31;g/L;9.71;197;0.5;;g/L;132;;;g/L;2.1;2;31;25.1;62.9;9.8;88;0.5;4.49;186;0.58;1.16;1.1;2.3;67;-11;-10;21;;123;114;4.4;116;39;2;;-19;;;;;;-22.6;-20.3;-23.9;0;0;I;0;0;0;1;positive;5-no T2DM AND with HCM;Europe;;0;0;0;0;0;1;0;;79;61;177;112;134;102;88;;;;1;0;0;0;1;0;0;0;0;0;0;0;0;0;0;0;1;0;0;08/11/2022
CAR19_11_000023;01/01/1960;male;Yes;0;Former smoker;25;;76;18;;1;g/L;;83;8.3;8.3;1.9;86;43;;0.3;g/L;16.3;230;0.6;;g/L;205;;;g/L;0.9;2;22;34.1;70;11;104;0.95;;208;0.86;0.9;0.6;0.7;;;;;;;;4.5;;;2;21.7;-32;8;;;;;;-18.5;-15.6;0;0;II;0;1;0;1;positive;4-T2DM AND HFpEF;Europe;;0;0;0;0;0;0;1;2012;83;67;183;109;135;120;104;;;;;;;;1;;;;;;;;1;1;;1;1;;;15/02/2023
CAR19_11_000024;01/08/1952;male;No;0;Former smoker;33;;44;28;;2.11;g/L;;74;4.1;5.1;4.1;89;35;;0.49;g/L;9.94;169;1.47;;g/L;206;;;g/L;0.75;2;17;9.6;52.4;10;62;0.75;5.11;237;0.64;0.85;0.9;0.9;64;;;;8;;;4.3;109;39;2.5;16.9;-18;6;;;;;-19.2;-17.8;-15.4;0;0;I;0;0;0;0;positive;5-no T2DM AND with HCM;Europe;;0;0;0;0;0;0;0;;74;87;169;96;124;78;62;;;;1;0;0;0;0;0;0;0;0;0;0;0;0;0;0;0;0;0;0;24/02/2023
CAR19_11_000025;01/09/1967;female;Yes;0;No;21;6;6;17;;1.4;g/L;;76;5;5;7.6;76;39;;0.4;g/L;6.3;190;1;;g/L;402;;;g/L;1;2;;27.1;44.9;7;72;0.82;;173;0.46;0.57;0.7;1;74;-14;-12;26;6;99;93;5.3;129;34;1.9;19.7;;7;;;;;-20.8;-19.2;-19.2;0;0;II;0;0;0;1;positive;5-no T2DM AND with HCM;Europe;;0;0;0;0;0;0;0;;75;55;165;112;105;86;72;;;;0;0;0;0;1;0;0;0;0;0;0;0;0;0;1;0;0;0;0;31/03/2023
CAR19_11_000026;01/02/1960;male;Yes;0;No;25;;61;18;;1.8;g/L;249;101;6;5.6;6.7;67;;;0.6;g/L;14;250;1;;g/L;133;;;g/L;0.9;2;15;31;65.1;10;96;0.97;;333;0.95;0.99;;;75;-18;-13;31;10;123;117;;144;36;2.3;;-26;6;;;;;-17;-22.6;-8.7;0;0;I;0;0;0;0;positive;5-no T2DM AND with HCM;Europe;;0;0;0;0;0;0;0;;81;46;183;108;135;106;96;;;;0;1;0;0;0;0;0;0;0;0;0;0;0;0;0;0;0;0;0;29/06/2023
CAR19_11_000028;01/02/1968;male;Yes;0;No;20;;66;18;;1.9;g/L;;107;5;5.5;;50;47;;0.41;g/L;14;176;1.27;;g/L;262;;;g/L;1.29;2;30;;;;;0.27;3.69;173;0.47;1.76;1;1.4;59;-4;-5;9;7;151;136;5.4;150;62;2.4;;;7;2.69;-17.4;-12;-14.3;-14;-13.4;-18.7;0;0;II;0;1;0;1;positive;5-no T2DM AND with HCM;Europe;;0;0;0;0;0;0;0;;80;44;174;;115;0;84;;;;1;0;0;0;0;0;0;0;0;0;0;0;0;0;0;1;0;0;0;04/09/2023
CAR19_12_000001;01/10/1960;male;Yes;0;No;35;0.5;70;13;4.52;;mmol/L;76;63;6.5;76;1;60;45;1.16;;mmol/L;14;120;;2.51;mmol/L;4;242;1.88;mmol/L;;;51;20;;;82;0.75;4.07;251;0.52;0.7;0.9;1;57;-21;-22;43;11;47;44;4.2;89;38;2;;-18;8;2.23;-23.2;-6.9;-11.5;-20;-11.7;-18.1;0;0;I;0;0;0;0;negative;3-T2DM AND no HFpEF;Asian;;0;0;0;0;0;0;1;2000;67;84;180;104;101;96;83.1;-16.6;-12.2;34.3;1;0;0;0;0;0;0;0;0;0;0;0;0;1;0;1;1;0;0;20/04/2021
CAR19_12_000002;01/03/1947;female;Ex-Drinker;0;No;25;0.9;62;;3.65;;mmol/L;78;59;4.8;7.2;25;60;45;1.36;;mmol/L;2.5;146;;1.48;mmol/L;86;213;1.8;mmol/L;;;13;17.9;;;54.6;0.83;4.02;207;0.5;0.6;0.5;0.9;59;-8;-15;23;8;54;48;4.1;90;38;2;;-16;7;1.94;-14.9;-13.2;-12.2;-14.5;-10.8;-18;0;0;;0;0;0;0;positive;3-T2DM AND no HFpEF;Europe;;0;0;0;0;0;0;1;2005;78;68;156;99;155;83;56.4;-16.2;-16;25.2;0;0;0;0;0;0;0;0;0;0;0;0;0;1;0;0;1;1;0;29/06/2021
CAR19_12_000003;01/09/1969;male;No;0;Former smoker;43;6.6;57;;4.71;;mmol/L;;78;6;7.9;28;60;;1.33;;mmol/L;;148;;2.68;mmol/L;43;336;1.56;mmol/L;;7;;27.9;;;94.1;0.71;4.13;166;0.72;1.01;0.9;1.1;50;-13;-16;29;11;89;81;4.3;125;62;2;;-17;8;1.98;-15;-18.3;-14.5;-17.8;-15.3;-13.9;0;0;;0;0;0;0;positive;3-T2DM AND no HFpEF;India / Pakistan / Bangladesh;;0;0;0;1;1;0;1;2005;70;65;179;111.5;103;110;94.1;-12.9;-12.9;18.1;1;0;0;0;0;0;0;0;0;0;0;0;0;1;0;1;1;1;0;27/07/2021
CAR19_12_000004;01/11/1961;male;Yes;0;No;21;0.1;59;;3.78;;mmol/L;116;90;5.4;7;7;90;44;1.19;;mmol/L;2.511;149;;2;mmol/L;35;348;1.31;mmol/L;;;23;22.2;;;79.7;0.76;3.19;154;0.72;0.94;0.8;0.7;52;-12;-14;26;11;59;55;5.5;116;55;2.4;;-15;6;;-16.4;-9.3;-11.6;-13.7;-17.3;-17.7;0;0;;0;0;0;0;positive;3-T2DM AND no HFpEF;Europe;;0;0;0;0;0;0;1;2004;68;64;168;101;115;104;81.6;-20.3;-15.7;35.9;0;0;0;0;0;0;1;0;0;0;0;0;0;1;0;0;1;1;0;03/08/2021
CAR19_12_000005;01/06/1954;female;No;0;No;18;1;57;;3.67;;mmol/L;;51;9.2;7.8;7;60;;1.15;;mmol/L;;140;;1.79;mmol/L;51;456;1.62;mmol/L;;;38;25.1;;;68.6;0.93;4.65;164;0.55;0.6;0.9;1;56;-15;-13;27;10;53;50;2.8;82;36;1.9;;-13;9;;-16.5;-17.3;-14.3;-14.7;-9.8;-17.5;0;0;;0;0;0;0;positive;3-T2DM AND no HFpEF;Europe;;0;0;0;0;0;0;1;2002;73;96;167;105;133;99;70.2;-20.5;-16;37.1;0;0;0;0;0;0;0;0;0;0;1;0;0;0;0;0;1;1;0;17/08/2021
CAR19_12_000006;01/09/1960;female;Yes;0;No;23;1.3;75;;6;;mmol/L;;61;11.1;;5;60;0;1.4;;mmol/L;;146;;3.48;mmol/L;34;;2.57;mmol/L;;3;30;27.3;;;67.8;;;;;;;;;;;;;;;;;;;;;;;;;;;;;0;0;;0;0;0;0;negative;3-T2DM AND no HFpEF;Europe;;0;0;0;0;0;0;1;2002;76;88;157;107;113;84;69.5;-14.9;-14.8;22.1;1;0;0;0;0;0;0;0;0;0;1;0;0;1;0;1;0;0;0;21/09/2021
CAR19_12_000007;01/10/1953;male;No;0;No;83;5;78;;3.02;;mmol/L;174;98;12.8;8.1;5;90;43;1.4;;mmol/L;6.36;181;;1.3;mmol/L;266;387;0.72;mmol/L;;;37;12.5;;;63.7;0.97;6.21;263;0.79;0.81;0.8;1;57;-21;-4;25;10;75;73;3.8;144;62;2.1;;-19;9;;-11.6;-5.4;-10.1;-17.5;-11.6;-19.2;0;0;;0;0;0;0;negative;3-T2DM AND no HFpEF;Europe;;0;0;0;0;0;0;1;2005;90;74;162;96;170;89;65.3;-15;-12.2;22.7;0;0;0;0;0;0;1;0;0;0;0;0;0;1;0;0;1;1;0;05/08/2021
CAR19_12_000008;01/09/1963;female;Yes;0;Former smoker;17;0.1;113;;3.5;;mmol/L;;57;6.7;54;;60;0;0.8;;mmol/L;;132;;2.12;mmol/L;71;;1.32;mmol/L;;5;25;39.1;;;85.7;;;;;;;;;;;;;;;;;;;;;;;;;;;;;0;0;;0;0;0;0;negative;3-T2DM AND no HFpEF;Europe;;0;0;0;0;0;1;1;2014;87;67;167;116;145;102;87.4;-20;-16.1;35;0;0;0;0;0;1;0;0;0;0;0;0;0;1;0;0;1;0;0;14/09/2021
CAR19_12_000009;01/04/1964;male;Yes;0;Former smoker;42;0.5;71;;4.59;;mmol/L;31;49;9.2;8.4;14;60;43;1.07;;mmol/L;4.15;174;;2.85;mmol/L;35;713;1.48;mmol/L;;;65;28;;;82.2;0.67;4.99;200;0.69;1.02;0.9;0.8;61;-12;-21;33;12;66;62;4.8;115;45;2.3;;-16;6;;-19.5;-14.7;-18.9;-16.5;-10.2;-18.2;0;0;;0;0;0;0;negative;3-T2DM AND no HFpEF;Europe;;0;0;0;0;0;0;1;2008;78;73;173;105.5;112;109;83.8;-15.1;-15.8;22.6;1;0;0;0;0;0;0;0;0;0;0;0;0;1;0;1;1;1;0;01/11/2021
CAR19_12_000010;01/03/1961;male;Yes;0;No;52;4.7;104;;4.78;;mmol/L;80;73;8.3;6.6;7;60;44;1.31;;mmol/L;3.91;175;;2.8;mmol/L;35;285;1.48;mmol/L;;;78;18.5;;;80.2;0.89;3.95;232;0.65;0.73;1;0.9;55;-14;-24;37;10;60;58;4.4;107;48;2.2;;-25;8;2.71;-14.2;-19.7;-15.6;-22.3;-21.1;-17;0;0;;0;0;0;0;negative;1-no T2DM AND no HFpEF;Europe;;0;0;0;0;0;0;0;;88;65;182;101.5;133;92.5;81.7;-16.9;-14.8;26.7;1;0;0;0;0;1;0;0;0;0;0;0;0;0;0;0;0;0;0;03/11/2021
CAR19_12_000011;01/03/1958;female;No;0;No;93;1.5;55;;4.9;;mmol/L;;50;13.4;11;20;60;39;0.9;;mmol/L;;186;;3.41;mmol/L;40;;1.27;mmol/L;;3;48;30.2;43.5;;73.7;;;;;;;;;;;;;;;;;;;;;;;;;;;;;0;0;;0;0;0;0;negative;3-T2DM AND no HFpEF;Europe;;0;0;0;0;0;0;1;2009;87;64;159;100;135;99;75.3;;;;1;0;0;0;0;0;1;0;0;0;0;0;0;1;1;0;1;1;1;09/11/2021
CAR19_12_000012;01/12/1965;male;Yes;0;Former smoker;47;0.8;80;;5.4;;mmol/L;139;88;5;5.7;9;60;43;0.99;;mmol/L;2.5;;;3.09;mmol/L;35;211;2.93;mmol/L;;;60;26.3;;;94.3;0.69;3.75;286;0.58;0.84;0.9;1;54;-15;-23;39;11;43;40;4.2;106;49;2.3;19.1;-18;9;;-20;-4.7;-11.4;-17.9;-15.7;-17.2;0;0;;0;0;0;0;positive;1-no T2DM AND no HFpEF;Europe;;0;0;0;0;0;0;0;;83;78;179;105;131;107;95.7;-16.2;-11;24.8;1;0;0;0;0;1;0;0;0;0;0;0;0;0;0;0;0;0;0;19/11/2021
CAR19_12_000013;01/06/1974;female;Yes;0;No;41;0.1;76;;4.86;;mmol/L;;54;4.9;5.3;;60;38;1.94;;mmol/L;;179;;2.73;mmol/L;57;297;0.43;mmol/L;;3;25;20;;;58.1;0.87;2.59;127;0.66;0.76;0.8;0.7;56;-21;-15;36;13;62;57;4.7;81;36;1.9;19.1;-20;10;;-15.9;-16.2;-17.4;-21.4;-24.1;-21.7;0;0;;0;0;0;0;negative;1-no T2DM AND no HFpEF;Europe;;0;0;0;0;0;0;0;;75;66;149;100;110;86;59.6;-17.2;-13.8;27.2;0;0;0;0;0;0;0;0;0;0;0;0;0;0;0;0;0;0;0;23/11/2021
CAR19_12_000014;01/09/1968;male;Yes;0;No;41;0.5;63;;3.65;;mmol/L;82;83;7.8;7.2;9;60;43;1.05;;mmol/L;2.93;159;;1.78;mmol/L;35;299;1.83;mmol/L;;;33;17.7;;;79;0.56;4.42;197;0.6;1.07;1.1;0.9;63;-20;-16;36;10;63;58;4.3;104;39;2.2;20.4;-17;10;;-24.1;-9;-20.5;-23.9;-22.6;-18.4;0;0;;0;0;0;0;negative;3-T2DM AND no HFpEF;Europe;;0;0;0;0;0;0;1;2011;76;75;181;99.5;117;95;80.4;-19.4;-14.9;33.2;1;0;0;0;0;0;0;0;0;0;0;0;0;1;0;0;1;0;0;24/11/2021
CAR19_12_000015;01/12/1969;male;Yes;0;No;40;0.1;49;;5;;mmol/L;;88;5.3;5.4;18;60;51;1.29;;mmol/L;;159;;3.04;mmol/L;34;233;1.49;mmol/L;;3;23;27.9;;;91;0.77;3.67;180;0.8;1.04;1;1.1;63;-23;-19;42;13;49;45;4.6;83;31;2.2;19.8;-19;8;;-20.2;-15.9;-17.3;-27;-19.5;-21.9;0;0;;0;0;0;0;positive;1-no T2DM AND no HFpEF;Europe;;0;0;0;0;0;0;0;;86;65;166;105.5;128;113.5;92.4;-17.2;-13.9;27.8;1;0;0;0;0;1;0;0;0;0;0;0;0;0;0;0;0;0;0;30/11/2021
CAR19_12_000016;01/07/1959;male;Yes;0;No;28;0.3;48;;5.19;;mmol/L;78;82;7.6;6;10;90;47;1.71;;mmol/L;3.34;159;;3.02;mmol/L;35;214;1.03;mmol/L;;;55;7.5;;;77.1;0.75;5.81;228;0.63;0.84;0.9;0.8;66;-30;-8;38;16;47;44;5.2;117;40;2.3;16.1;-24;10;;-12.9;-9.8;-13.9;-24.4;-18.7;-21.8;0;0;;0;0;0;0;positive;3-T2DM AND no HFpEF;Europe;;0;0;0;0;0;0;1;2017;77;69;181;31;109;85;78.5;-16.8;-13.3;26;0;0;0;0;0;0;0;0;0;0;0;0;0;0;0;0;0;0;0;16/12/2021
CAR19_12_000017;01/05/1952;male;Yes;0;No;43;4.2;87;;4.79;;mmol/L;143;63;10.5;7.9;12;90;42;2.47;;mmol/L;5.09;161;;2.02;mmol/L;88;232;0.66;mmol/L;;;99.99;18.8;;;66.5;1.07;4.44;245;0.69;0.64;0.8;1;61;-10;-22;33;7;41;38;4.5;83;33;2;17.7;-19;7;2.8;-13.5;;-18.4;-19.5;-21.9;-24.5;0;0;;0;0;0;0;negative;3-T2DM AND no HFpEF;Europe;;0;0;0;0;0;0;1;2009;93;81;169;94;167;95;68.2;-17.8;-17;30.3;1;0;0;0;0;0;0;0;0;0;0;0;0;1;0;0;1;0;0;17/12/2021
CAR19_12_000018;01/04/1956;male;Yes;0;No;21;0.4;69;;6.73;;mmol/L;107;79;4.8;;;90;44;2.46;;mmol/L;16.32;145;;3.87;mmol/L;80;244;0.88;mmol/L;;;20;8.2;;;74.8;0.79;4.81;234;0.49;0.62;1.1;1.2;61;-6;-14;20;10;113;104;4.7;163;63;2.3;23.7;-18;6;2.94;;;;-21.4;-23.1;-20.1;0;0;;0;0;0;0;negative;1-no T2DM AND no HFpEF;Europe;;0;0;0;0;0;0;0;;91;59;176;102;151;90;78.2;-18.1;-17.1;30.1;0;0;;;0;0;;0;;;;;0;;0;;0;;0;07/01/2022
CAR19_12_000019;01/10/1965;female;Ex-Drinker;0;Former smoker;61;0.1;129;;4.2;;mmol/L;;45;4.3;5.6;2;60;36;0.9;;mmol/L;;167;;2.57;mmol/L;37;672;1.62;mmol/L;;4;29;14.8;;;50.9;0.72;2.65;138;0.94;1.31;0.8;0.6;57;-15;-14;30;9;50;;4.3;79;34;2.1;16.5;-18;9;2.02;-17.9;-17.7;-19.1;-16.6;-18.7;-20.5;0;0;;0;0;0;0;negative;1-no T2DM AND no HFpEF;Europe;;0;;;;;0;0;;70;65;152;88;104;76;52.5;-15.7;-6.3;24;0;0;0;0;0;0;0;0;0;0;0;0;0;0;0;0;0;0;0;26/01/2022
CAR19_12_000020;01/02/1957;male;Yes;0;No;30;0.6;95;;5;;mmol/L;;92;8.5;7.7;6;60;48;1.1;;mmol/L;;125;;3.37;mmol/L;68;248;1.28;mmol/L;;6;35;29.9;;;97.2;0.66;4.1;194;0.59;0.91;0.9;1;63;-9;-17;26;9;62;58;4.6;86;32;1.9;22;-17;6;2.4;;;;-19.5;-15.9;-20.1;0;0;;0;0;0;0;negative;3-T2DM AND no HFpEF;Europe;;0;0;0;0;0;0;1;2016;89;80;177;107;123;116;98.6;-17;-11;26.8;0;0;0;0;0;0;0;0;0;0;0;0;0;1;0;0;0;0;0;18/01/2022
CAR19_12_000021;01/09/1952;female;Yes;0;Former smoker;21;1.5;77;;4.83;;mmol/L;95;70;4.7;5.4;3;90;43;2.22;;mmol/L;2.5;192;;2.29;mmol/L;57;250;0.72;mmol/L;;;14;15.3;;;51.9;0.76;2.17;142;0.88;1.16;0.7;0.6;57;-18;-18;36;12;51;46;4.2;68;29;1.9;21.5;-27;9;2.71;-17.9;-12.4;-17.3;-23.3;-20.2;-22.5;0;0;;0;0;0;0;positive;1-no T2DM AND no HFpEF;Europe;;0;0;0;0;0;0;0;;64;53;165;90;116;67;53.5;-20;-15;34.3;0;0;0;0;0;0;0;0;0;0;0;0;0;0;0;0;1;0;0;20/01/2022
CAR19_12_000022;01/06/1953;male;Yes;0;No;22;0.2;58;;3.82;;mmol/L;131;89;4.6;5.4;9;90;45;1.17;;mmol/L;10.21;191;;2.38;mmol/L;35;264;0.6;mmol/L;;;14;32.7;;;93.9;0.6;5.45;239;0.53;0.89;1.1;1.1;65;-11;-19;29;9;59;55;5.1;132;46;2.1;21.4;-21;8;2.75;-6.7;-10.8;-12.8;-18.8;-20.2;-20.2;0;0;;0;0;0;0;negative;1-no T2DM AND no HFpEF;Europe;;0;0;0;0;0;0;0;;91;78;175;111;149;113;95.3;-16.8;-14.7;26.1;1;0;0;0;0;1;0;0;0;0;0;0;0;0;0;0;0;0;1;21/01/2022
CAR19_12_000023;01/02/1960;male;Yes;0;Active smoker;32;0.1;77;;5;;mmol/L;;101;5.1;5.4;6;60;44;;1.24;g/L;;183;;3.12;mmol/L;50;280;1.47;mmol/L;;3;28;8;;;59;0.7;3.82;168;0.8;1.14;0.9;0.8;54;-18;-13;31;10;62;57;3.9;116;53;2;24;-19;8;;-17.1;-6.3;-13.1;-27.3;-15.5;-23.6;0;0;;0;0;0;0;negative;1-no T2DM AND no HFpEF;Europe;;0;;;;;0;0;;84;60;168;93;133;80;61;-13.9;-12.2;19.9;0;0;0;0;0;0;0;0;0;0;0;0;0;0;0;0;0;0;0;01/03/2022
CAR19_12_000024;01/12/1951;male;Yes;0;Former smoker;33;1.2;60;;3.13;;mmol/L;109;69;9.9;6.8;17;90;45;0.91;;mmol/L;2.66;148;;1.75;mmol/L;59;173;1.05;mmol/L;;;67;33.1;;;101;0.72;5.68;206;0.64;0.89;0.8;0.8;67;-10;-17;27;7;89;83;4.5;124;41;2;21.1;-16;6;1.76;-13.6;-12.1;-9.6;-15.2;;-17.2;0;0;;0;0;0;0;positive;3-T2DM AND no HFpEF;Europe;;0;0;0;0;0;0;1;2014;76;74;175;106;144;112;102.4;-19.2;-14.4;32.6;0;0;0;0;0;0;0;0;0;0;0;0;0;1;0;0;1;1;0;28/01/2022
CAR19_12_000025;01/11/1973;female;No;0;Former smoker;31;0.1;80;;5.9;;mmol/L;;53;12.4;8.3;;60;43;0.9;;mmol/L;;187;;3.96;mmol/L;63;354;1.74;mmol/L;;12;;;;;;0.66;5.65;141;0.56;0.86;1;1.2;65;-20;-14;35;10;48;44;4.2;89;31;2;23.9;-14;7;;-24.2;-21.2;-19.8;-18.1;-20.5;-21.2;0;0;;0;0;0;0;;3-T2DM AND no HFpEF;Europe;;0;0;0;0;0;0;1;2019;97;83;157;106;147;96;82;-17.8;-16.8;29.2;0;0;0;0;0;0;0;0;0;0;0;0;0;1;0;0;0;0;0;01/02/2022
CAR19_12_000026;01/12/1948;female;Yes;0;Former smoker;11;1.3;49;;3.22;;mmol/L;40;56;7.2;6;;60;41;1.38;;mmol/L;2.5;141;;1.23;mmol/L;173;216;1.35;mmol/L;;;7;13.6;;;51.1;1.02;3.43;227;0.91;0.88;0.8;0.7;65;-10;-16;26;10;41;37;4.3;76;27;1.9;;-22;9;2.67;;;;-22.7;-24.4;-24.2;0;0;;0;0;0;0;positive;3-T2DM AND no HFpEF;Europe;;0;0;0;0;0;0;1;2008;69;67;153;89;137;79;53.3;-21.2;-18.9;38.3;1;0;0;0;0;1;0;0;0;0;0;0;0;1;0;0;1;0;0;11/02/2022
CAR19_12_000027;01/09/1969;male;No;0;No;34;0.2;70;;5.6;;mmol/L;133;74;5.1;5.7;;60;44;1.1;;mmol/L;;178;;3.9;mmol/L;49;324;1.16;mmol/L;;3;23;8.5;;;74.2;0.54;4.17;204;0.58;1.09;0.9;0.8;64;-30;-8;38;11;61;56;4.9;118;43;2.1;22.7;-20;9;;-14.3;-9.9;-12.4;-21.5;-23.4;-24;0;0;;0;0;0;0;negative;1-no T2DM AND no HFpEF;Europe;;0;0;0;0;0;0;0;;75;66;185;98;120;91;75.6;-19.9;-14.8;34.9;0;0;0;0;0;0;0;0;0;0;0;0;0;0;0;0;0;0;0;15/02/2022
CAR19_12_000028;01/12/1964;male;Yes;0;Former smoker;49;0.1;63;;5.6;;mmol/L;346;74;5.4;5.4;;60;43;1.27;;mmol/L;3.06;212;;3.61;mmol/L;35;322;1.6;mmol/L;;;32;28.7;;;92.9;0.71;;246;0.6;0.85;0.9;1.2;;;;;10;67;63;5;;;2.2;22;-20;7;;;;;-15.7;-14.6;-22.4;0;0;;0;0;0;0;positive;1-no T2DM AND no HFpEF;Europe;;0;0;0;0;0;1;0;;83;69;179;107;129;107;94.3;-17.6;-18.9;28.8;0;0;0;0;0;0;0;0;0;0;0;0;0;0;0;0;0;0;0;18/02/2022
CAR19_12_000029;01/04/1948;male;Yes;0;Former smoker;36;0.1;78;;3.38;;mmol/L;145;67;10.3;7.6;14;60;43;0.9;;mmol/L;3.02;188;;0.82;mmol/L;40;300;3.69;mmol/L;;;99;28.7;;;89.9;0.87;;184;0.52;0.59;0.9;0.9;;;;;8;62;58;4.5;;;2.2;18.7;;7;2.56;-10.5;-8.4;-11.4;-21.2;-12.6;-21.8;0;0;;0;0;0;0;positive;3-T2DM AND no HFpEF;Europe;;0;0;1;0;0;0;1;2009;76;58;176;99;136;118;91.5;-20.2;-17;35.6;0;0;0;0;0;0;1;0;0;0;0;0;0;1;0;0;1;0;0;21/02/2022
CAR19_12_000030;01/07/1949;female;Yes;0;No;19;1.2;100;;3.8;;mmol/L;122;76;9.1;8;10;60;40;1.24;;mmol/L;7.68;195;;2.09;mmol/L;406;259;1.05;mmol/L;;;17;42;;;92.3;0.92;5.97;249;0.53;0.58;1;1.2;64;;;;5;73;69;5.9;149;54;2.2;22.4;-20;5;;;-16.9;-21.1;-8.7;-21.9;-17.4;0;0;;1;0;0;0;positive;3-T2DM AND no HFpEF;Europe;;0;0;0;0;0;0;1;2017;85;54;168;125.5;167;104.5;93.9;-16.9;-16.3;27.3;0;0;0;0;0;0;0;0;0;0;0;0;0;0;0;0;1;0;0;08/04/2022
CAR19_12_000031;01/08/1970;male;Yes;0;Former smoker;47;0.1;97;;3.88;;mmol/L;310;65;8.9;8.2;;60;44;0.95;;mmol/L;2.5;202;;1.92;mmol/L;42;221;2.24;mmol/L;;;25;34.5;;;106;0.65;;205;0.77;1.2;0.9;0.9;;-14;-15;29;13;73;68;6.1;;;2.4;26.8;-17;10;;-17.5;-8.7;-16.3;-19.2;-21.4;-20.3;0;0;;0;0;0;0;positive;3-T2DM AND no HFpEF;Europe;;0;0;0;0;0;1;1;2016;78;57;181;111;126;105.5;107.4;-20.6;-19.9;36.3;0;0;0;0;0;0;0;0;0;0;0;0;0;1;0;1;1;0;0;25/03/2022
CAR19_12_000032;01/11/1958;male;Yes;0;Former smoker;31;0.3;56;;3.71;;mmol/L;83;84;9.3;7.4;;60;45;1.33;;mmol/L;2.5;149;;2.02;mmol/L;51;248;0.79;mmol/L;;;36;28.3;;;88.7;0.59;;175;0.74;1.24;0.9;1.1;66;-23;-17;40;12;98;91;5.1;161;55;2.1;20.1;-20;10;2.4;-15.8;-13.7;-17.5;-18.7;-11.6;-20.1;0;0;;0;0;0;0;positive;3-T2DM AND no HFpEF;Europe;;0;0;0;0;0;0;1;2017;78;49;175;106;134;110;90.2;-18.5;-17.1;31;0;0;0;0;0;0;0;0;0;0;0;0;0;1;0;0;1;0;0;01/04/2022
CAR19_12_000033;01/09/1950;male;Yes;0;Former smoker;30;1.6;138;;4.9;;mmol/L;51;53;7.9;6.8;8;60;46;1.4;;mmol/L;;186;;2.85;mmol/L;652;256;1.38;mmol/L;;3;20;35.4;;;99.5;0.61;4.58;167;1.17;1.94;0.9;1.1;39;;;;6;124;118;5.1;159;97;2.2;19.9;-9;5;3.09;-14.9;-12.2;-7.6;-14.2;-6.7;-9.3;0;0;;0;0;0;0;negative;3-T2DM AND no HFpEF;Europe;;0;0;0;0;0;0;1;2010;79;73;174;115.5;161;121.5;101.1;-12.9;-10.5;18.1;1;0;0;0;0;0;0;0;0;0;0;0;0;1;0;0;0;0;0;12/04/2022
CAR19_12_000034;01/09/1970;female;Yes;0;No;25;0.1;49;;4.45;;mmol/L;69;58;4.9;5.4;10;60;40;1.2;;mmol/L;2.77;188;;2.79;mmol/L;179;329;1.03;mmol/L;;;14;38.9;;;85.5;0.75;5.84;163;0.72;0.96;0.8;0.9;71;-15;-17;31;11;62;57;4.8;116;34;2.2;20.3;-21;8;;-14.2;-9.7;-12.5;-18.9;-20.2;-18;0;0;;0;0;0;0;positive;1-no T2DM AND no HFpEF;Europe;;0;0;0;0;0;0;0;;85;80;171;118;124;102;87;-18.2;-18.2;29.6;0;0;0;0;0;0;0;0;0;0;0;0;0;0;0;0;1;0;0;15/04/2022
CAR19_12_000035;01/12/1960;female;No;0;Former smoker;19;;113;;6.67;;mmol/L;149;56;;;4;60;44;1.72;;mmol/L;;212;;4.24;mmol/L;;343;1.58;mmol/L;;4;17;14.7;;;55;0.56;2.6;145;0.68;1.28;0.8;0.8;50;-13;-19;32;12;43;40;4.4;92;46;2;25.1;-16;6;1.45;;-19;;-18.5;-19.5;-14.7;0;0;;0;0;0;0;negative;1-no T2DM AND no HFpEF;Europe;;0;;;;;0;0;;89;69;161;91;138;75;56.7;-21.4;-15.3;39.8;0;0;0;0;0;0;0;0;0;0;0;0;0;0;0;0;0;0;1;19/04/2022
CAR19_12_000036;01/06/1964;male;Yes;0;No;61;0.6;102;;5.11;;mmol/L;117;86;5.4;5.4;15;60;46;1.35;;mmol/L;2.5;174;;3.49;mmol/L;35;228;0.6;mmol/L;;;54;20;;;78.9;0.57;4.14;181;0.44;0.78;0.8;0.9;60;-14;-14;28;9;56;50;5.5;117;47;2.2;13;-14;7;1.77;-18.5;-19.3;-19.8;-17.2;-16.3;-15.3;0;0;;0;0;0;0;negative;1-no T2DM AND no HFpEF;Europe;;0;0;0;0;0;0;0;;105;70;172;105;142;98;80.5;-13.6;-14.1;19.7;0;0;0;0;0;0;0;0;0;0;0;0;0;0;0;0;0;0;0;22/04/2022
CAR19_12_000037;01/10/1952;male;No;0;No;17;1.4;85;;3.39;;mmol/L;70;69;8.7;7.2;2;60;42;1.69;;mmol/L;;162;1.39;;g/L;134;248;0.68;mmol/L;;4;14;12.2;;;60.1;0.74;4.6;190;0.77;1.04;0.9;0.9;76;-18;-12;29;11;94;87;5.1;123;30;2.1;28.6;-22;9;1.19;-15.4;-12;-8.8;-25.8;-20.1;-22;0;0;;0;0;0;0;negative;3-T2DM AND no HFpEF;Europe;;0;0;0;0;0;0;1;2008;70;49;166;96.3;146;85.5;61.6;-20.4;-18.6;36;1;0;0;0;0;0;0;0;0;0;0;0;0;1;0;0;1;0;0;03/05/2022
CAR19_12_000038;01/05/1961;male;Yes;0;No;27;1.7;72;;2.51;;mmol/L;268;65;8.1;7.2;4;60;43;1.11;;mmol/L;3.37;165;;1.15;mmol/L;53;253;0.55;mmol/L;;;20;11.3;;;71.1;0.71;5.33;218;0.89;1.27;0.8;0.8;56;-9;-15;23;15;73;67;4.1;165;72;2.1;20.6;-18;10;;-14.7;-13.6;-14.5;-19.9;-17.1;-18.1;0;0;;0;0;0;0;positive;3-T2DM AND no HFpEF;Europe;;0;0;0;1;0;0;1;2012;75;66;174;94;117;88;72.7;-15.8;-13;23.8;1;0;;0;0;0;0;0;0;0;0;0;0;0;0;1;1;1;0;06/05/2022
CAR19_12_000039;01/10/1963;female;No;0;Former smoker;21;0.1;105;;3.56;;mmol/L;49;51;;6.5;;60;48;1.62;;mmol/L;;180;;1.41;mmol/L;114;269;1.18;mmol/L;;4;24;28.3;;;65.7;0.96;3.85;172;0.87;0.91;0.8;0.9;64;;;;9;63;59;4;84;30;1.8;24.2;-17;7;2.12;-11.9;-6.9;-14.4;-18.1;-19.4;-19;0;0;;0;0;0;0;negative;3-T2DM AND no HFpEF;Other;South America;0;0;0;0;0;0;1;2005;71;64;160;108;118;82;67.2;;;;0;0;0;0;0;0;0;0;0;0;0;0;0;1;0;0;1;0;0;10/05/2022
CAR19_12_000040;01/06/1958;male;No;0;No;49;2.1;71;;3.75;;mmol/L;24;76;8.8;8.5;7;60;45;1.02;;mmol/L;2.68;192;;2.32;mmol/L;84;152;0.91;mmol/L;;;24;17;;;85.2;0.55;4.8;131;0.74;1.34;0.7;1;71;-9;-12;21;10;92;87;5.2;148;43;2.2;18.6;-22;7;1.85;-12.1;-11.9;-14.4;-15.5;-17.3;-13.5;0;0;;0;0;0;0;negative;3-T2DM AND no HFpEF;Asian;;0;0;0;0;0;0;1;2007;85;64;179;105;143;104;86.6;-16.9;-15.1;26.8;1;0;0;0;0;0;0;0;0;0;0;0;0;1;0;0;0;1;0;13/05/2022
CAR19_12_000041;01/01/1958;female;No;0;No;;;;;;;;;;;;;;;;;;;;;;;;;;;;;;;;;;0.64;4.2;229;0.78;1.22;0.9;1.1;59;-18;-16;34;12;92;86;4.1;133;54;2.3;;-23;11;2.17;;;;;;;0;0;;0;0;0;0;negative;1-no T2DM AND no HFpEF;Europe;;0;0;0;0;0;0;0;;92;76;153;106;131;87;65.2;-15.3;-14.7;23;0;0;0;0;0;1;0;0;0;0;0;0;0;0;0;0;0;0;0;17/05/2022
CAR19_12_000042;01/12/1960;female;Ex-Drinker;0;Former smoker;28;1.3;84;;3.43;;mmol/L;195;60;13;;;60;41;1.52;;mmol/L;52.23;;;1.59;mmol/L;35;350;0.71;mmol/L;;4;;28.2;;;80;;4.16;;;;;;64;-10;-21;31;;74;68;;133;47;;28.9;-21;;;-13.2;-10.4;-11.3;-12.3;-19.4;-21.4;0;0;I;0;0;0;0;positive;3-T2DM AND no HFpEF;Europe;;0;0;0;0;0;0;1;2000;76;68;167;106;147;99;82.3;-21.4;-15.3;39.8;0;0;0;1;0;1;0;0;0;0;0;0;0;0;0;0;1;0;0;19/05/2022
CAR19_12_000043;01/02/1957;male;Yes;0;No;;;;;;;;;;;;;;;;;;;;;;;;;;;;;;;;;;;;;;;;;;;;;;;;;;;;;;;;;;;;;;;;;;;;;negative;1-no T2DM AND no HFpEF;Europe;;;;;;;;;;;;;;;;;-18.5;-15.2;31.1;;;;;;;;;;;;;;;;;;;;02/08/2022
CAR19_12_000044;01/04/1971;female;Yes;0;No;;;;;;;;;;;;;;;;;;;;;;;;;;;;;;;;;;;;;;;;;;;;;;;;;;;;;;;;;;;;;;0;0;;0;0;0;0;negative;1-no T2DM AND no HFpEF;Europe;;0;0;0;0;0;0;0;;77;66;159;92.5;129;79;56.5;-21;-18;37.6;;;;;;;;;;;;;;;;;;;;24/05/2022
CAR19_12_000045;01/03/1963;male;Yes;0;Former smoker;124;;105;;4.7;;mmol/L;;68;10.3;7.5;35;60;46;1.5;;mmol/L;3.8;241;;2.19;mmol/L;35;190;3.9;mmol/L;;4;99.99;22.1;;;82.3;0.94;6.71;284;0.71;0.76;0.8;0.9;67;-7;-26;33;10;45;43;5.2;152;50;2.1;23.9;-19;7;2.4;-8.7;-15.2;-7.3;-13.9;-15.6;-18;0;0;;0;0;0;0;negative;3-T2DM AND no HFpEF;Europe;;0;0;0;0;1;0;1;2004;84;72;168;102;140;101.5;84;-16.2;-16;25.4;0;0;0;0;0;0;0;0;0;0;0;0;0;0;0;0;1;0;0;10/06/2022
CAR19_12_000046;01/09/1966;female;Yes;0;No;9;1.1;77;;4.12;;mmol/L;;73;4.7;5.3;;60;41;1.21;;mmol/L;2.5;152;;2.55;mmol/L;80;228;0.8;mmol/L;;4;;18.5;;;63.7;0.54;4.73;149;0.62;1.15;0.7;0.6;63;-15;-15;30;11;47;43;5;107;40;2.2;16.2;-20;10;;-8;-12.3;-17.3;-19;-17;-17.5;0;1;I;0;0;0;0;negative;1-no T2DM AND no HFpEF;Europe;;0;0;0;0;0;0;0;;78;83;170;97;120;78;65.3;-17;-14.5;23.1;0;0;0;0;0;1;0;0;0;0;0;0;0;0;0;0;0;0;0;17/06/2022
CAR19_12_000047;01/06/1968;male;No;0;No;19;0.1;58;;4.71;;mmol/L;;81;5;5.5;2;60;47;1.15;;mmol/L;;153;;3.16;mmol/L;45;162;;;;4;18;9.1;;;66.6;0.58;3.25;146;0.64;1.1;0.8;1;51;-13;-12;24;12;100;97;5.3;142;70;2.1;20.5;-23;10;2.14;-20.1;-18.1;-20.2;-17.4;-24.2;-15.8;0;0;;0;0;0;0;negative;1-no T2DM AND no HFpEF;Europe;;0;;;;;0;0;;74;43;165;87;109;86;68.3;-17.9;-17.3;29.4;0;0;0;0;0;0;0;0;0;0;0;0;0;0;0;0;0;0;0;21/06/2022
CAR19_12_000048;01/06/1958;male;Yes;0;Former smoker;;;;;;;;;;;;;;;;;;;;;;;;;;;;;;;;;;0.84;5.36;232;0.57;0.68;0.9;0.9;61;-12;-24;35;9;88;83;5.6;182;71;2.3;23.4;-19;4;2.25;-27.6;-17.4;-14.8;-21.7;-19.5;-20.9;0;0;;0;0;0;0;;3-T2DM AND no HFpEF;Europe;;0;0;0;1;0;0;1;2012;75;53;170;98.3;121;95;76.9;-16;-9.8;24.8;1;0;0;0;0;1;0;0;0;0;0;0;0;0;0;0;1;0;0;24/06/2022
CAR19_12_000049;01/04/1972;female;No;0;No;;;;;;;;;;;;;;;;;;;;;;;;;;;;;;23.5;;;68.6;;;;;;;;;;;;;;;;;;;;;;;;;;;;;0;0;;0;0;0;0;;3-T2DM AND no HFpEF;Europe;;0;0;0;0;0;0;1;2011;69;76;161;102;113;90.5;70.2;-19.8;-12.6;34.3;0;0;0;0;0;0;0;0;0;0;0;0;0;0;0;0;0;1;0;28/06/2022
CAR19_12_000050;01/04/1957;male;Yes;0;Active smoker;;;;;;;;;;;;;;;;;;;;;;;;;;;;;;27.8;;;90.2;0.84;8.1;161;0.77;0.92;;1;63;-11;-20;31;13;114;110;6.6;203;75;2.4;25.4;-18;8;2.56;-12.8;-12.4;-8;-22.5;-19.8;-16.7;0;0;;0;0;0;0;;3-T2DM AND no HFpEF;Europe;;0;0;0;0;0;0;1;2000;85;71;167;108.5;126;110.3;91.8;-15.7;-12;24.2;1;1;0;0;0;1;0;0;0;0;0;0;0;1;0;0;1;0;0;01/07/2022
CAR19_12_000051;01/09/1946;female;No;0;No;29;2.8;95;;4.15;;mmol/L;;61;7.9;7;14;60;40;1.09;;mmol/L;;189;;2.69;mmol/L;214;236;0.83;mmol/L;;4;22;27.4;;;67.8;0.97;4.98;226;0.71;0.73;1;1.2;74;-12;-14;26;9;69;66;4.8;105;28;;;-17;8;1.85;;-9.1;-13.4;-21.5;-21.4;-18.8;0;0;;0;0;0;0;;3-T2DM AND no HFpEF;India / Pakistan / Bangladesh;;0;0;0;0;0;0;1;1995;78;66;157;104;158;93;69.5;-15.2;-15.2;22.9;0;0;0;0;0;1;0;0;0;0;0;0;0;1;0;0;1;0;0;05/07/2022
CAR19_12_000052;01/08/1966;male;Yes;0;Former smoker;35;99.9;74;;3.61;;mmol/L;;86;7.3;7.6;;60;0;0.77;;mmol/L;6.04;155;;1.77;mmol/L;50;254;2.37;mmol/L;;8;34;39.8;75;;114.8;0.77;5.29;245;0.64;0.83;1;0.9;50;-12;-11;23;12;84;77;6.2;161;81;2.3;27.9;-19;9;2.25;-9.7;-13.7;-10.4;-14.4;-14.9;-14.4;0;1;II;0;0;0;1;negative;3-T2DM AND no HFpEF;Europe;;0;0;0;1;0;0;1;2010;82;68;180;117.4;124;124.2;116.4;-13.6;-18;19.9;1;0;0;1;0;1;0;0;0;0;0;0;1;1;0;1;1;0;0;07/07/2022
CAR19_12_000053;01/01/1958;female;No;0;No;33;0.1;81;;5.78;;mmol/L;;72;4.9;5.9;;60;43;1.52;;mmol/L;;183;;3.31;mmol/L;35;397;2.12;mmol/L;;4;20;23.8;;;68;0.74;5.95;189;0.69;0.94;0.7;0.7;68;;;;10;70;64;4.6;136;44;1.9;21.9;-14;7;2.4;-19.6;-15.3;-12;-19.7;-19;-17.7;0;0;;0;0;0;0;;1-no T2DM AND no HFpEF;India / Pakistan / Bangladesh;;0;;;;;0;0;;88;63;164;97;141;95;70;-15.8;-13.8;24.3;0;0;0;0;0;0;0;0;0;0;0;0;0;0;0;0;0;0;0;15/07/2022
CAR19_12_000054;01/04/1950;female;No;0;No;;;;;;;;;;;;;;;;;;;;;;;;;;;;;;;;;;0.73;3.99;178;0.66;0.9;0.8;0.7;79;-10;-16;26;8;58;54;4.4;107;23;;22.5;-25;7;2.38;-12.2;-9;-16.7;-19.4;-15.4;-24.5;0;0;;0;0;0;0;negative;3-T2DM AND no HFpEF;Europe;;0;0;0;0;0;0;1;2016;69;53;165;111;120;94;82.3;;;;1;0;0;0;0;0;0;0;0;0;0;0;0;1;0;0;0;0;1;22/07/2022
CAR19_12_000055;01/03/1969;male;Yes;0;Former smoker;52;0.3;63;;4.26;;mmol/L;;70;;7.8;;60;48;1.02;;mmol/L;;158;;2.58;mmol/L;52;171;1.47;mmol/L;;4;48;24.1;;;86.3;0.54;5.23;201;0.56;1.04;0.9;0.9;63;-19;-22;41;11;67;62;4.9;129;48;2.1;18.4;-18;7;;-11.7;-17;-14.7;-19.2;-21;-17.6;0;0;;0;0;0;0;negative;3-T2DM AND no HFpEF;Europe;;0;0;0;0;0;0;1;2010;87;68;177;97;141;98;87.7;-15.5;-10.8;23.5;0;0;0;0;0;0;0;0;0;0;0;0;0;1;0;0;0;1;0;26/07/2022
CAR19_12_000056;01/07/1958;female;Yes;0;No;29;5.1;88;;3.11;;mmol/L;;72;5.3;36;;60;39;0.7;;mmol/L;4.15;157;;1.79;mmol/L;52;257;1.38;mmol/L;;4;19;32.8;;;84.9;0.66;;244;0.52;0.79;0.8;1;52;-13;-16;29;9;56;53;5.4;106;51;2;19.7;-22;7;;;;;-19.5;-13.2;-19;0;0;I;0;0;0;0;negative;1-no T2DM AND no HFpEF;Europe;;0;0;0;0;0;0;0;;89;67;170;;140;;86.9;;;;1;0;0;0;0;0;0;0;0;0;0;0;0;0;0;0;0;0;1;04/08/2022
CAR19_12_000057;01/05/1960;female;Yes;0;No;;;;;;;;;;;;;;;;;;;;;;;;;;;;;;;;;;1.06;;164;0.87;0.81;0.8;0.9;67;-13;-22;35;10;41;38;5.2;99;32;1.7;24.2;;6;2.51;;-11.8;;-16.9;-10.9;-9.7;;;;;;;;negative;1-no T2DM AND no HFpEF;;;;;;;;;1;2008;87;79;162;118;131;106;91.2;-20.4;-17.2;36.5;;;;;;;;;;;;;;;;;;;;02/09/2022
CAR19_12_000058;01/03/1950;male;Yes;0;Former smoker;;;;;;;;;;;;;;;;;;;;;;;;;;;;;;;;;;0.92;5.95;284;1.1;1.19;1.2;1.4;55;-5;-6;11;9;152;141;5.8;201;90;2.2;29.2;;6;;-21.1;;;-20.3;-14.1;-12;0;1;II;0;0;0;1;negative;3-T2DM AND no HFpEF;Europe;;0;0;0;0;0;0;1;2000;71;55;178;128;130;124;110.5;;;;;;;;;;;;;;;;;;;;;;;16/08/2022
CAR19_12_000059;01/03/1975;male;Yes;0;Active smoker;;;;;;;;;;;;;;;;;;;;;;;;;;;;;;;;;;0.96;;176;0.79;0.83;1;1;47;;;;9;91;82;5.7;197;104;2.5;17;;7;2.22;-10;-12.6;-11.2;-9.6;-10;-12.6;;;;;;;;;3-T2DM AND no HFpEF;;;0;0;0;1;0;0;1;2017;101;76;189;110;129;112;110.1;;;;;;;;;;;;;;;;;;;;;;;30/08/2022
CAR19_12_000060;01/04/1955;female;Ex-Drinker;0;No;19;0.4;66;;3.7;;mmol/L;;60;8.5;;;60;0;2.7;;mmol/L;2.5;146;;1.73;mmol/L;60;283;1.38;mmol/L;;4;14;30.6;47.4;;78;0.85;6.23;209;0.71;0.84;1.1;1.2;71;-13;-17;30;10;93;87;5.8;159;47;2;23.3;;6;;-12.4;-13.6;-15;-21;-18.5;-17.5;0;0;I;0;0;0;0;negative;3-T2DM AND no HFpEF;Europe;;0;0;1;0;1;0;1;2002;72;59;175;113;116;105;89.5;-17;-13.9;27;0;1;0;0;0;0;0;0;1;0;0;0;0;1;0;1;1;0;0;12/09/2022
CAR19_12_000061;01/07/1961;male;Yes;0;Former smoker;33;0.1;68;;3.1;;mmol/L;;60;5.9;99.2;;60;1;5.2;;mmol/L;2.9;159;;1.87;mmol/L;35;311;1.35;mmol/L;;4;19;22.9;64.6;-0.1;87.5;0.7;6.34;319;0.63;0.9;1.1;1.2;63;;;;10;62;64;5.1;164;61;2.4;20.4;-20;7;2.48;-10.2;-9.7;;-18.3;-20.7;-19.2;0;1;I;0;0;0;0;negative;3-T2DM AND no HFpEF;Europe;;0;0;0;0;0;0;1;2009;80;77;175;108;118;105;89.5;;;;1;0;0;0;0;0;0;0;0;0;1;0;0;1;0;1;1;1;0;13/09/2022
CAR19_12_000062;01/10/1950;male;Yes;0;Former smoker;21;99.9;83;;3.5;;mmol/L;;95;9.3;;;60;0;0.8;;mmol/L;11.4;197;;1.53;mmol/L;253;233;2.62;mmol/L;;4;34;31;69.9;;100.8;0.81;5.59;200;0.69;0.86;1;1;68;-13;-13;26;8;114;103;5.7;151;49;2.2;20.3;-18;8;;-17.5;-17.9;-15.6;-15;;-15.8;0;1;II;0;0;1;1;negative;3-T2DM AND no HFpEF;Europe;;0;0;0;0;0;0;1;1994;67;54;;106.6;151;119.3;100.8;;;;1;0;0;1;1;1;0;0;0;0;0;0;0;1;0;1;1;0;0;20/09/2022
CAR19_12_000063;01/05/1956;male;Yes;0;No;23;0.3;73;;4;;mmol/L;;93;9.4;6.7;;60;0;4.7;;mmol/L;12.5;152;;2.2;mmol/L;90;273;2.21;mmol/L;;4;32;34.9;76.9;;111.7;0.71;7.06;284;0.41;0.58;1.1;1.1;64;-8;-11;18;10;;;5.7;175;63;2.3;19.7;;6;2.63;-10.1;-9.4;-3.2;-15.3;-16.9;-18.1;0;0;I;0;0;0;0;negative;3-T2DM AND no HFpEF;Europe;;0;0;0;0;0;0;1;2001;94;60;185;116;147;117;113;-12.2;-11.8;16.8;1;0;0;0;0;0;1;0;0;0;0;0;0;1;0;0;1;0;0;27/09/2022
CAR19_12_000064;01/01/1957;male;Yes;0;Former smoker;30;0.1;97;;5.5;;mmol/L;;90;11;;;60;;4.5;;mmol/L;6.2;155;;3.1;mmol/L;45;281;2.57;mmol/L;;4;42;;;;;;;;;;;;;;;;;;;;;;;;;;;;;;;;;0;0;I;0;0;0;0;negative;3-T2DM AND no HFpEF;Europe;;0;0;0;0;0;0;1;2007;76;69;175;112;127;110;97.9;-18.3;-10.4;29.8;0;0;0;0;0;0;0;0;0;0;0;0;0;1;0;1;1;0;0;27/09/2022
CAR19_12_000066;01/02/1961;male;Yes;1;Former smoker;31;0.1;138;;4.6;;mmol/L;;69;13.3;73;;60;43;3.4;;mmol/L;3.2;167;;2.3;mmol/L;41;273;2.07;mmol/L;;3.6;27;22.1;55.3;;77.4;0.73;6;174;0.67;0.92;1;1;66;-12;-20;32;7;70;70;4.6;145;50;2.1;19.3;-23;6;2.35;-19.2;-10.1;-14.4;-17.9;-20.9;-15.9;0;0;I;0;0;0;0;negative;3-T2DM AND no HFpEF;Europe;;0;0;0;0;0;0;1;2005;83;71;169;95;134;93;79.1;-15.8;-11.9;24.3;0;0;0;1;0;0;0;0;0;0;0;0;0;1;0;0;1;0;0;03/10/2022
CAR19_12_000067;01/12/1956;male;Yes;0;Former smoker;30;0.1;51;;2.9;;mmol/L;;70;9.6;;;60;41;2;;mmol/L;99;171;;0.78;mmol/L;35;243;1.51;mmol/L;;1;99;20;63.3;;83.3;0.76;5.05;156;0.74;0.97;1.3;1.4;59;-14;-11;25;12;59;54;4.3;138;56;2.2;16.9;-18;7;2.64;-17.4;-12.7;-12.4;-18.3;-19;-14.7;0;0;I;0;0;0;0;negative;3-T2DM AND no HFpEF;Europe;;0;0;0;0;0;0;1;2012;71;77;181;104;126;98;83.3;;;;0;0;0;0;0;0;1;0;0;0;0;0;0;1;0;0;1;0;0;04/10/2022
CAR19_12_000068;01/07/1956;male;Ex-Drinker;0;Former smoker;34;25.5;76;;4.3;;mmol/L;;72;16.6;;;60;48;5;;mmol/L;5.8;135;;;;97;219;4.24;mmol/L;;6.4;63;19.9;60.4;;80.3;0.67;4.73;136;0.65;0.97;0.9;0.9;58;;;;12;60;56;5.3;146;61;2.1;18.4;;6;;-13.4;-9.6;-11.4;-17;-20.1;-15.6;0;0;I;0;0;0;0;negative;3-T2DM AND no HFpEF;Europe;;0;0;0;0;0;1;1;2016;69;58;170;98;141;102;82;-18.8;-14.8;31.7;1;0;0;0;1;0;0;0;0;0;0;0;0;1;0;1;1;0;0;04/10/2022
CAR19_12_000069;01/02/1972;male;Yes;0;No;40;0.1;85;;3.8;;mmol/L;;60;10.3;;;60;45;4.4;;mmol/L;2.5;154;;2.25;mmol/L;35;239;1.57;mmol/L;;6.6;37;34.5;83.7;;118.2;0.65;7.64;212;0.65;1.02;1.1;1.1;60;-10;-15;25;9;77;71;5.2;189;76;2.6;17.1;-12;6;;;-10.4;;-14.6;-10;-19.3;0;0;I;0;0;0;0;negative;3-T2DM AND no HFpEF;Europe;;0;0;0;0;0;0;1;2011;88;79;181;119;126;115;118.2;-12.6;-10.9;18;1;0;0;0;0;0;1;0;0;0;0;0;0;1;0;1;1;0;0;11/10/2022
CAR19_12_000070;01/08/1959;male;Yes;0;No;15;0.5;49;;4.1;;mmol/L;;93;12.2;7.6;;60;44;4.9;;mmol/L;9.5;137;;2.09;mmol/L;178;247;2.71;mmol/L;;12.2;19;19;67.9;;86.9;0.95;8.48;269;0.82;0.86;1.1;1.2;63;;;;15;58;54;4.6;164;60;2.1;;-18;9;;-11.4;-10;-12.4;-20.8;-18.8;-19.6;0;0;I;0;0;0;0;negative;3-T2DM AND no HFpEF;Europe;;0;0;0;0;1;0;1;2015;79;89;177;101;142;108;89.6;;;;1;0;0;0;0;1;1;0;0;0;0;0;1;1;0;0;0;0;0;24/10/2022
CAR19_12_000071;01/07/1952;male;Yes;0;No;17;2.8;98;;2.4;;mmol/L;;94;12.1;8.7;;60;40;3.5;;mmol/L;3.5;156;;0.7;mmol/L;187;316;2.22;mmol/L;;2.4;46;34.6;67.1;;101.7;1.15;6.91;174;0.76;0.66;1;0.9;79;-8;-12;20;8;69;66;5.1;136;29;2.2;29.2;;6;2.81;-19.6;-9.9;-12.8;-19.2;;-18.1;0;0;I;0;0;0;0;negative;3-T2DM AND no HFpEF;Europe;;0;0;0;0;0;0;1;2010;73;60;170;108;159;124;103.4;;;;0;1;0;0;1;0;0;0;0;0;0;0;1;1;0;0;1;0;0;24/10/2022
CAR19_12_000072;01/12/1972;male;Yes;0;No;28;0.1;52;;2.9;;mmol/L;;85;9;7.2;;60;45;3.7;;mmol/L;9.5;180;;1.73;mmol/L;63;200;0.8;mmol/L;;0.5;13;16.9;66.6;;83.4;0.64;4.74;256;0.49;0.76;0.8;0.8;60;;;;10;;;5.5;151;60;;;;8;;;;;-16.4;-12.8;-18.7;0;0;I;0;0;0;0;negative;3-T2DM AND no HFpEF;Europe;;0;0;0;0;0;0;1;2018;72;60;184;99;111;90;85;-12.9;-12.3;17.8;0;0;0;0;0;0;0;0;0;0;0;0;0;0;0;0;1;0;0;25/10/2022
CAR19_12_000073;01/03/1953;female;No;0;No;11;3.2;67;;4;;mmol/L;;48;10.4;;;60;40;2.8;;mmol/L;2.5;187;;1.64;mmol/L;90;375;2.12;mmol/L;;0.9;33;21.5;41.3;;62.8;;;;;;;;;;;;;;;;;;;;;;;;;;;;;0;0;I;0;0;0;0;negative;3-T2DM AND no HFpEF;Europe;;0;0;0;0;1;0;1;2014;78;69;157;102;150;94;64.3;-18.8;-17.5;31.4;0;0;0;0;1;0;0;0;0;0;0;0;0;1;0;0;1;0;0;01/11/2022
CAR19_12_000074;01/10/1961;male;Yes;0;No;19;43.3;85;;5.5;;mmol/L;;134;13.5;;;48;50;3.4;;mmol/L;5.2;174;;3.45;mmol/L;60;228;1.02;mmol/L;;0.5;21;20.1;57.4;;77.5;0.91;6.86;303;0.49;0.54;0.8;0.9;72;;;;11;61;58;4.1;121;34;2;24;-18;7;;-22.5;-8;-9.4;-20;-17.8;-18.6;0;0;I;0;0;0;0;negative;3-T2DM AND no HFpEF;Europe;;0;0;0;0;0;0;1;2006;91;83;171;98.2;147;93.3;79.2;-18.4;-16.4;30.9;1;0;0;1;0;1;0;0;0;0;0;0;0;1;0;0;0;0;1;01/11/2022
CAR19_12_000075;01/04/1968;female;No;0;No;100;0.5;118;;3.1;;mmol/L;;60;4.9;5.9;;60;37;3.2;;mmol/L;2.5;212;;1.85;mmol/L;216;219;0.69;mmol/L;;0.5;25;14.7;44.6;;59.3;0.82;5.2;178;1.18;1.43;0.9;0.9;65;-25;-15;40;14;82;78;5;112;40;1.9;24.6;-19;10;2.9;-20.8;;-15.2;-25.5;-18.9;-24.1;0;0;I;0;0;0;0;negative;3-T2DM AND no HFpEF;Europe;;0;0;0;0;0;0;1;2012;62;;166;96;108;86;59.3;-16;-10.7;24.7;0;0;0;0;0;0;0;0;0;0;0;0;0;0;0;0;1;0;0;07/11/2022
CAR19_12_000076;01/04/1952;female;Yes;0;No;15;0.1;68;;5.2;;mmol/L;;52;9.1;7.7;;60;37;4.1;;mmol/L;2.5;167;;3.44;mmol/L;181;259;1.08;mmol/L;;10.5;20;;;;;;;;;;;;;;;;;;;;;;;;;;;;;;;;;0;0;I;0;0;0;0;negative;3-T2DM AND no HFpEF;Europe;;;0;0;0;0;0;1;2018;71;89;165;109;139;92;65;-18.1;-17.5;29.5;1;0;0;0;0;0;0;0;0;0;0;0;0;1;0;0;0;0;0;08/11/2022
CAR19_12_000077;01/02/1954;female;No;0;Former smoker;30;0.9;68;;2.9;;mmol/L;;50;8.8;7.2;;60;42;2.8;;mmol/L;7.9;174;;1.43;mmol/L;156;196;1.09;mmol/L;;0.5;25;;;;;;;;;;;;;;;;;;;;;;;;;;;;;;;;;0;0;I;0;1;0;0;negative;3-T2DM AND no HFpEF;Europe;;1;0;0;0;0;0;1;2013;71;61;159;102;138;102;68.5;17.7;-17;29.7;0;0;0;0;0;0;0;0;0;0;0;0;0;1;0;1;1;0;0;08/11/2022
CAR19_12_000078;01/01/1949;female;Yes;0;No;40;0.7;137;;3.6;;mmol/L;;71;12.3;;;60;45;3;;mmol/L;2.6;194;;1.79;mmol/L;39;199;1.32;mmol/L;;2.5;47;;;;;;;;;;;;;;;;;;;;;;;;;;;;;;;;;0;0;I;0;0;0;0;negative;3-T2DM AND no HFpEF;Europe;;0;0;0;0;0;0;1;2008;75;68;162;104;124;97;78.1;-19.4;-15.1;34.7;0;1;0;1;0;0;0;0;0;0;1;0;0;1;0;0;1;0;0;14/11/2022
CAR19_12_000079;01/12/1950;male;Yes;0;No;45;4.9;62;;4.6;;mmol/L;;79;6.8;;;60;45;4.1;;mmol/L;3;167;;2.52;mmol/L;37;386;2.14;mmol/L;;0.8;44;;;;;;;;;;;;;;;;;;;;;;;;;;;;;;;;;0;0;I;0;0;0;0;negative;3-T2DM AND no HFpEF;Europe;;0;0;0;0;0;0;1;2005;88;88;166;95;124;98;76.6;-15.9;-11.4;24.4;1;0;0;0;0;0;0;0;0;0;0;0;0;1;0;1;1;0;1;14/11/2022
CAR19_12_000080;01/03/1964;female;Yes;0;Former smoker;47;0.1;94;;3.8;;mmol/L;;51;10.6;;;60;44;2.4;;mmol/L;6.9;190;;1.46;mmol/L;35;217;1.75;mmol/L;;0.5;120;24.6;42.9;;67.5;;;;;;;;;;;;;;;;;;;;;;;;;;;;;0;0;I;0;0;0;0;negative;3-T2DM AND no HFpEF;Europe;;0;0;0;0;0;0;1;2014;87;75;156;100;141;91;69.5;-16.6;-16.4;25.9;0;0;0;0;0;0;0;0;0;0;0;0;0;1;0;0;1;0;0;15/11/2022
CAR19_12_000081;01/12/1957;male;Ex-Drinker;0;No;33;3;69;;4.1;;mmol/L;;71;8.8;;;60;45;4.5;;mmol/L;2.5;164;;;;35;239;;;;2.1;55;35;71.4;;106.4;0.92;;221;0.64;0.69;;;62;;;;9;;;;181;69;2.5;16.6;;7;;-14.1;;;-18.8;-12.7;-16;0;0;I;0;0;0;0;negative;3-T2DM AND no HFpEF;Europe;;0;0;0;0;1;0;1;2010;89;88;178;106.5;144;115.3;108.1;;;;0;1;0;1;0;1;0;0;0;0;1;0;0;1;0;1;1;0;0;15/11/2022
CAR19_12_000082;01/06/1962;male;Ex-Drinker;0;Active smoker;31;0.9;93;;6.4;;mmol/L;;80;19.1;14.2;;60;45;0.86;;mmol/L;3.1;156;;4.26;mmol/L;35;216;2.87;mmol/L;;6.9;32;24.1;63.8;;87.9;0.81;;162;0.65;0.81;1;1;57;;;;8;;;4.9;113;49;2;17.9;-17;6;;;-9.2;-15.4;-17;-12.7;-12.2;1;0;I;0;0;0;1;negative;3-T2DM AND no HFpEF;Europe;;0;0;0;0;0;0;1;2018;77;77;175;106;117;110;89.5;-19.3;-18.7;32.6;0;0;0;0;1;0;0;0;0;0;0;0;0;1;0;1;1;0;0;05/12/2022
CAR19_12_000083;01/01/1962;female;Yes;0;No;20;;46;;4.3;;mmol/L;;52;8.4;;;60;42;1.7;;mmol/L;2.8;203;;2.18;mmol/L;109;179;1;mmol/L;;2.8;26;20;30.6;;50.6;;;;;;;;;;;;;;;;;;;;;;;;;;;;;0;0;I;0;0;0;0;negative;3-T2DM AND no HFpEF;Europe;;0;0;0;0;1;0;1;2013;72;84;143;104;128;78;52.3;-20.8;-20.3;37.7;1;0;0;0;0;0;0;0;0;0;0;0;0;0;0;0;1;0;0;06/12/2022
CAR19_12_000084;01/09/1974;female;Yes;0;No;23;66;75;;3.6;;mmol/L;;48;12.9;;;60;35;1.3;;mmol/L;2.5;205;;1.96;mmol/L;58;244;0.82;mmol/L;;13.2;30;53;;;102.4;;;;;;;;;;;;;;;;;;;;;;;;;;;;;0;0;I;0;0;0;0;negative;3-T2DM AND no HFpEF;India / Pakistan / Bangladesh;;0;0;0;0;0;0;1;2010;63;74;163;131;113;115;104;-19.4;-16.1;33.5;0;0;0;0;0;0;0;0;0;1;0;0;0;1;0;0;1;0;0;16/01/2023
CAR19_12_000085;01/06/1958;female;No;0;No;26;1.2;86;;5.5;;mmol/L;;53;8.1;;;60;44;1.5;;mmol/L;3.5;213;;2.96;mmol/L;35;360;2.3;mmol/L;;2.7;45;32.8;;;74.6;;;;;;;;;;;;;;;;;;;;;;;;;;;;;0;0;I;0;0;0;0;negative;3-T2DM AND no HFpEF;Europe;;0;0;0;0;0;0;1;2015;70;63;159;101;107;103;74.6;-17.2;-13.1;27.5;1;0;0;0;0;0;0;0;0;0;0;0;0;1;0;1;1;0;0;23/01/2023
CAR19_12_000086;01/12/1954;female;Yes;0;No;19;0.1;102;;3.7;;mmol/L;;66;6.7;;;60;45;1.5;;mmol/L;2.5;155;;1.21;mmol/L;35;256;2.25;mmol/L;;0.5;32;;;;;0.78;;142;0.33;0.43;0.9;1;65;;;;6;;;4.7;84;29;2;;-16;5;1.7;;;;-13.8;;-15.4;0;0;I;0;0;0;0;negative;3-T2DM AND no HFpEF;Europe;;0;0;0;0;0;0;1;1987;73;94;156;119.5;126;114;75.4;-12.2;-12.8;17.1;0;0;0;1;0;0;0;0;0;0;0;0;0;1;0;1;1;0;0;23/01/2023
CAR19_12_000087;01/04/1952;female;Yes;0;No;24;0.1;145;;3.2;;mmol/L;;58;7.2;;;60;40;0.9;;mmol/L;4.8;169;;1.87;mmol/L;136;234;1.06;mmol/L;;5;32;32.2;;;76.7;1.34;6.31;314;0.93;0.69;;;74;-6;-13;19;6;136;133;;132;34;;;;4;2.71;-19.5;;-14.6;-23.9;-23.1;-22.9;0;0;I;0;0;0;0;;3-T2DM AND no HFpEF;Europe;;0;0;0;0;0;0;1;2011;75;60;164;106;157;100;78.3;-17.5;-17.3;29.2;1;0;0;0;0;1;0;0;0;0;0;0;0;1;0;0;0;0;0;06/03/2023
CAR19_12_000088;01/10/1959;female;Yes;0;Former smoker;42;0.8;148;;3.4;;mmol/L;;42;14;10;;60;38;0.8;;mmol/L;2.5;187;;1.6;mmol/L;44;405;2.25;mmol/L;;4.4;99;36;;;79.4;;;;;;;;;;;;;;;;;;;;;;;;;;;-18.1;-21.8;0;0;III;0;1;1;1;;3-T2DM AND no HFpEF;Europe;;0;0;0;0;0;0;1;2014;85;89;157;114;131;105;79.4;-18.6;-16.7;31.3;0;0;0;0;0;0;0;0;0;1;0;0;0;1;0;0;1;;0;07/03/2023
CAR19_12_000089;01/01/1960;female;Ex-Drinker;0;Active smoker;18;13.2;152;;3.4;;mmol/L;;47;10.4;8.6;;60;33;0.9;;mmol/L;2.5;222;;1.76;mmol/L;346;119;1.65;mmol/L;;7.6;335;;;;;;;;;;;;;;;;;;;;;;;;;;;;;;;;;0;1;III;0;0;0;1;;3-T2DM AND no HFpEF;Europe;;0;0;0;0;0;0;1;2012;52;52;171;118;112;116;84.7;-19.5;-14.2;34.4;0;0;0;1;1;0;0;0;0;0;1;0;0;1;0;0;1;0;0;10/04/2023
CAR19_12_000090;01/06/1959;female;Ex-Drinker;0;Former smoker;29;0.1;69;;3.94;;mmol/L;;44;11.4;8.2;;60;35;1.58;;mmol/L;2.5;171;;1.98;mmol/L;;223;0.84;mmol/L;;0.5;11;;;;;0.82;4.16;216;0.65;0.8;0.7;0.5;59;-16;-17;33;10;58;53;4.7;104;43;2;23.9;;7;2.68;;;;-19.9;-18.6;-18.8;0;0;I;0;0;0;0;;3-T2DM AND no HFpEF;Europe;;0;0;1;0;1;0;1;2018;62;72;156;87;116;77;52.5;-14.7;-21.2;22.6;0;0;0;1;0;0;0;0;0;0;0;0;0;0;0;0;1;0;0;14/03/2023
CAR19_12_000091;01/03/1964;female;Yes;0;No;;0.3;;;;;;;104;6;;;48;40;;;;3.8;177;;;;163;312;1.64;mmol/L;;0.5;;29.1;;;73;0.97;5.79;148;0.85;0.87;0.8;0.9;58;-11;-22;33;9;80;75;4.3;120;50;2;23.9;-20;8;;-15.3;-14.6;-19.3;-16.3;-18.5;-17.7;0;0;I;0;0;0;0;;3-T2DM AND no HFpEF;Europe;;0;0;0;0;0;0;1;2019;85;73;175;112;137;105;74;-12.4;-13.8;17.2;1;0;0;0;0;0;0;0;0;0;0;0;0;1;0;0;0;0;0;20/03/2023
CAR19_12_000092;01/04/1962;female;Yes;0;Former smoker;43;;80;;3.1;;mmol/L;;54;9.4;;;60;44;1;;mmol/L;2.8;176;;1.26;mmol/L;42;250;1.86;mmol/L;;1.5;46;34.8;;;81.4;0.78;5.85;167;0.78;1;0.8;0.8;62;-11;-13;24;10;50;46;4.9;114;43;2.2;18.4;-18;7;2.43;-25.5;-13.2;-13.6;-19.1;-18.7;-17.1;0;1;I;0;1;1;0;;3-T2DM AND no HFpEF;Europe;;0;0;0;0;0;0;1;2019;83;83;160;109;125;105;81.4;-18.2;-12.9;30.1;1;0;0;1;0;0;0;0;0;0;0;0;0;0;0;0;1;0;0;28/03/2023
CAR19_12_000093;01/10/1961;female;Yes;0;Former smoker;64;26.6;57;;5.4;;mmol/L;;37;13.2;;;60;48;1.1;;mmol/L;2.5;175;;2.93;mmol/L;35;115;3.03;mmol/L;;1.3;61;36.8;;;80;0.88;5.04;180;0.66;0.75;0.8;1;71;-15;-25;40;9;54;51;4.2;80;23;2.1;24;-27;8;;-17.2;;;-13.4;-18.7;-28.6;0;0;I;0;0;0;0;;3-T2DM AND no HFpEF;Europe;;0;0;0;0;0;0;1;2015;78;97;162;115;141;108;81.7;-19.2;-17.2;33.2;0;0;0;0;0;0;1;0;0;0;0;0;0;1;0;1;0;0;0;04/04/2023
CAR19_12_000094;01/12/1953;male;Yes;0;Former smoker;16;17.4;83;;3.2;;mmol/L;;57;16.7;;;60;45;1.2;;mmol/L;5.3;179;;1.2;mmol/L;59;276;1.79;mmol/L;;0.5;17;8.9;;;70.8;0.89;4.68;155;0.79;0.89;1.1;1.4;55;-11;-17;28;7;58;54;5.2;121;55;2.1;24;-20;4;2.51;-13.6;-16.5;-14;-18.4;-15.4;-15.3;0;1;I;0;0;0;0;;3-T2DM AND no HFpEF;Europe;;0;0;0;0;0;0;1;2002;75;74;179;96;135;86;70.8;;;;0;0;0;1;0;1;0;0;0;0;0;0;0;1;0;1;1;0;0;18/04/2023
CAR19_12_000095;01/07/1963;male;Yes;0;No;25;0.6;112;;4.9;;mmol/L;;71;6.7;10.6;;60;50;1.5;;mmol/L;2.5;193;;2.87;mmol/L;35;213;1.27;mmol/L;;3.1;37;30.6;;;100.5;1.19;7.18;215;0.91;0.76;1;1.3;70;;;;7;76;71;4.2;131;39;2;27.8;-18;7;;-24.7;-16;-17.5;-18.3;-21.4;-20.6;0;0;I;0;0;0;0;;3-T2DM AND no HFpEF;Europe;;0;0;1;0;0;0;1;2003;80;68;181;106;130;98;102;;;;0;0;0;0;0;0;0;0;0;1;1;0;0;1;0;0;0;0;0;24/04/2023
CAR19_12_000096;01/07/1959;male;Ex-Drinker;0;No;36;0.3;123;;3.3;;mmol/L;;81;11.9;;;60;37;0.6;;mmol/L;3.1;165;;1.66;mmol/L;35;260;2.29;mmol/L;;8.1;64;33.8;;;106;1.02;;133;0.79;0.77;1;1.1;58;-12;-22;35;6;84;76;5.2;135;57;2.2;17.6;-11;5;2.43;;;;-14.8;-14.4;-13;0;0;I;0;0;0;0;;3-T2DM AND no HFpEF;Europe;;0;0;0;0;0;0;1;2014;67;77;176;113;123;114;106;-15.2;-12.1;23.1;1;1;0;0;0;1;0;0;0;0;0;0;0;1;0;1;1;0;1;02/05/2023
CAR19_12_000097;01/07/1960;male;Yes;0;Former smoker;44;5.8;65;;3.8;;mmol/L;;74;7.2;;;60;42;1.4;;mmol/L;2.6;174;;2;mmol/L;35;165;0.75;mmol/L;;0.5;30;21;;;84.1;0.78;5.94;128;0.82;1.05;;;65;-14;-17;31;12;102;92;;155;55;2.4;;-18;7;2.26;-16.3;;-18.9;-18.3;-18.8;-19.6;0;0;I;0;0;0;0;;3-T2DM AND no HFpEF;Europe;;0;0;0;0;0;0;1;2016;88;63;180;107;142;103;85.8;;;;1;0;0;0;0;1;0;0;0;0;0;0;0;1;0;0;1;0;0;23/05/2023
CAR19_12_000098;01/03/1964;female;Ex-Drinker;0;No;26;0.1;105;;5.6;;mmol/L;;77;7;;;60;46;1.5;;mmol/L;2.5;193;;3.42;mmol/L;60;227;1.54;mmol/L;;6.1;21;31.4;;;77.9;0.69;4.01;201;0.77;1.11;0.8;1.1;76;-17;-17;34;11;65;60;4.6;94;23;1.9;26.5;-19;8;2.45;-23.9;-19;-13.2;-20.2;-16.3;-19.4;0;0;I;0;0;0;0;;3-T2DM AND no HFpEF;Europe;;0;0;0;0;0;0;1;2012;77;59;166;110;116;106;79.6;-17.7;-14.3;28.7;0;0;0;0;0;0;1;0;0;0;0;0;0;1;0;1;0;0;0;22/05/2023
CAR19_12_000099;01/06/1966;male;No;0;Active smoker;;;;;;;;;;;;;;;;;;;;;;;;;;;;;;25.5;;;80.2;0.83;6.05;231;0.78;0.94;1.1;1.1;66;;;;10;65;62;4.7;114;39;2.1;20.2;-18;6;2.9;-18.3;;-17.3;-17.3;-16.5;-19.7;0;0;I;0;1;0;0;;3-T2DM AND no HFpEF;India / Pakistan / Bangladesh;;0;0;0;0;0;0;1;2003;70;83;170;102;108;112;81;;;;0;1;0;1;0;0;0;0;0;0;0;0;0;1;0;1;1;0;0;13/06/2023
CAR19_12_000100;01/12/1951;male;Yes;0;No;33;0.4;139;;4.3;;mmol/L;;120;9.6;;;53;49;1.1;;mmol/L;4.3;181;;2.43;mmol/L;48;176;1.54;mmol/L;;0.5;52;24.6;;;82.1;0.62;4.61;175;0.72;1.22;0.9;1;70;-15;-20;35;10;80;73;4.8;99;29;2.3;19.9;-14;6;2.44;;-6.6;-17.6;-17.3;-17.3;-15;0;0;I;0;0;0;0;;3-T2DM AND no HFpEF;Europe;;0;0;0;0;0;0;1;2003;88;66;169;106;131;97;83.7;-15.4;-13;23.5;1;0;0;0;0;0;1;0;0;0;0;0;0;1;0;0;1;0;0;13/06/2023
CAR19_12_000101;01/08/1953;male;Yes;0;Former smoker;25;0.1;70;;4.4;;mmol/L;;69;5.3;5.6;;60;46;1.6;;mmol/L;8;179;;2.26;mmol/L;206;203;1.29;mmol/L;;7.6;18;;;;;0.73;;226;0.58;0.79;0.9;0.9;63;-7;-23;30;8;;;6.4;205;76;2.6;20.3;-21;4;3.66;-24.2;-15.9;-16.4;-19.1;-19.8;-20;0;0;I;0;0;0;1;;2-no T2DM AND with HFpEF;Europe;;0;0;0;0;0;0;0;;80;55;166;113;130;109;84;-13.7;-9.7;22.1;0;0;0;0;0;0;0;0;0;0;0;0;0;0;0;0;0;0;0;20/06/2023
CAR19_12_000102;01/08/1953;female;Yes;0;Former smoker;13;0.1;101;;6.9;;mmol/L;;63;5.5;;;60;44;1.8;;mmol/L;4.6;178;;4.22;mmol/L;176;230;1.96;mmol/L;;6.2;21;35.6;;;75.6;1.17;5.52;273;0.76;0.65;1;1.1;74;-9;-15;23;7;115;106;4.7;114;29;2.1;28.3;-17;4;2.93;-14.2;-18.7;-16.9;-22.1;-19.5;-23.1;0;0;I;0;0;0;0;;2-no T2DM AND with HFpEF;Europe;;0;0;0;0;0;0;0;;76;57;155;119;164;93;77.2;0;0;0;0;0;0;0;0;0;0;0;0;0;0;0;0;0;0;0;0;0;0;27/06/2023
CAR19_12_000103;01/09/1954;male;;;;;;;;;;;;;;;;;;;;;;;;;;;;;;;;;;;;;;;;;;;;;;;;;;;;;;;;;;;;;;;;;;;;;;;;;3-T2DM AND no HFpEF;Europe;;;;;;;;;;;;;;;;;-15.4;-11.8;23.1;;;;;;;;;;;;;;;;;;;;08/08/2023
CAR19_12_000104;01/03/1960;male;Yes;0;No;30;0.1;66;;3.6;;mmol/L;;79;8.5;;;60;48;1.8;;mmol/L;4.5;157;;1.45;mmol/L;83;189;0.76;mmol/L;;0.5;18;8.7;;;69.8;0.79;5.97;173;0.93;1.18;0.9;1.1;60;-14;-18;32;11;70;64;5.4;170;68;2.2;23.3;-20;7;2.92;;;;-18;-17.2;-16.7;0;0;I;0;0;0;0;;3-T2DM AND no HFpEF;Europe;;0;0;0;0;0;0;1;2011;64;65;167;103;96;95;69.8;;;;0;0;0;0;0;0;1;0;0;0;0;0;0;1;0;1;1;0;0;01/08/2023
CAR19_12_000105;01/03/1953;male;Yes;0;No;19;;62;;4.5;;mmol/L;;58;7.1;;;60;;1.3;;mmol/L;52.8;164;;2.41;mmol/L;60;;1.82;mmol/L;;0.5;24;14.4;;;79.5;;;;;;;;;;;;;;;;;;;;;;;;;;;;;0;0;I;0;0;0;0;;3-T2DM AND no HFpEF;Europe;;0;0;0;0;0;0;1;2006;81;59;173;101;136;96.5;79.5;-12.9;-10.7;18.1;0;0;0;0;0;0;0;0;0;0;0;0;0;0;0;0;0;0;0;15/08/2023
CAR19_12_000106;01/02/1959;male;Yes;0;Former smoker;29;0.7;51;;2.8;;mmol/L;;67;8.8;;;60;49;1.7;;mmol/L;;145;;0.65;mmol/L;;174;0.91;mmol/L;;0.7;16;17.4;;;78.9;0.8;4.85;161;0.89;1.12;0.8;1.1;61;-16;-13;30;10;90;81;4.4;115;45;2.3;16.6;-22;10;;-13.4;-7.2;-10.8;-17.5;-17.4;-18.5;0;1;I;0;0;0;0;;3-T2DM AND no HFpEF;Europe;;0;0;1;0;1;0;1;2008;82;63;176;95;141;94.5;80.6;-16.1;-13.7;25.5;0;0;0;0;0;0;1;0;0;0;0;0;0;1;0;1;1;0;0;22/08/2023
CAR19_12_000107;01/09/1960;male;Yes;0;No;56;2.1;98;;4.5;;mmol/L;;58;7.7;7.8;;60;48;1.2;;mmol/L;2.7;171;;2.29;mmol/L;42;237;2.25;mmol/L;;3.3;73;35.3;;;106.4;0.92;;171;0.94;1.02;0.9;1;61;;;;11;;;5.1;118;46;2.2;25.4;;9;;;;-9.9;-18.9;;-16.2;0;1;II;0;0;0;1;;3-T2DM AND no HFpEF;Europe;;0;0;0;0;0;0;1;2013;76;69;176;115;148;119;106.4;-17.9;-11.9;29.5;0;1;0;0;0;0;0;0;0;0;0;0;0;0;0;0;1;0;0;12/09/2023
CAR19_12_000108;01/06/1952;female;Yes;0;Former smoker;25;0.5;73;;3.6;;mmol/L;;72;74;;;60;42;1.4;;mmol/L;3.8;157;;1.44;mmol/L;191;274;1.78;mmol/L;;2.1;25;20.4;;;65;1.66;4.57;326;1.21;0.73;1;1.1;78;-5;-11;15;6;103;97;4.1;75;16;1.8;;-27;5;3.27;-23.4;-6.4;-15.1;-18.5;-18.5;-22.1;0;0;I;0;0;0;1;;3-T2DM AND no HFpEF;Europe;;0;0;0;0;0;0;1;2008;73;76;164;102;143;96;65;-18.3;-15.5;30.9;0;0;0;0;0;0;0;0;0;0;0;0;0;1;0;0;1;0;0;05/09/2023
CAR19_12_000109;01/07/1954;male;Yes;0;Former smoker;28;6.2;76;;4.2;;mmol/L;;76;9;7.1;;60;43;1.1;;mmol/L;2.6;144;;2.37;mmol/L;35;276;1.64;mmol/L;;5;44;23.9;;;82.4;0.93;;213;0.67;0.72;0.7;1;67;-14;-21;35;8;75;70;4.6;100;33;;;-23;8;2.71;-25.2;;-23.2;-15.1;-14.8;-20.8;0;0;I;0;0;0;0;;3-T2DM AND no HFpEF;Europe;;0;0;0;0;0;0;1;2011;75;75;168;109;137;104;84.1;;;;1;0;0;0;0;1;0;0;0;0;0;0;0;1;0;1;1;;0;27/09/2023
CAR19_12_000110;01/08/1954;male;Yes;0;Former smoker;35;1.2;102;;2.6;;mmol/L;;73;9.1;;;60;51;0.9;;mmol/L;4.5;191;;0.97;mmol/L;35;218;1.64;mmol/L;;9.4;18;;;;;0.69;5.39;223;0.7;1.01;0.8;0.9;66;-14;-18;32;9;84;78;4.1;114;39;;25.5;-19;8;;-22.1;;-14.1;-17.7;-19.4;-17.8;0;0;I;0;0;0;0;;3-T2DM AND no HFpEF;Europe;;0;0;0;0;0;0;1;2011;79;74;171;104;134;100;83.5;;;;0;1;0;0;0;0;1;0;0;0;0;0;0;1;0;1;1;0;0;03/10/2023
CAR19_12_000111;01/08/1960;female;Yes;0;No;22;0.1;73;;3.5;;mmol/L;;95;6.4;;;53;39;1.8;;mmol/L;2.5;144;;1.27;mmol/L;128;281;0.96;mmol/L;;6.6;11;32.6;;;78.1;0.94;;172;0.81;0.87;0.9;1.2;66;-22;-22;43;7;64;58;4.7;100;34;;;-12;9;2.49;-19.8;;-16.5;-19.6;-24.2;-22.2;0;0;I;0;0;0;0;;3-T2DM AND no HFpEF;Europe;;0;0;1;0;1;0;1;2007;66;72;159;113;129;103;78.1;;;;0;1;0;0;0;0;0;0;0;1;0;0;0;1;0;1;1;0;0;10/10/2023
CAR19_12_000112;01/10/1956;female;Yes;0;Former smoker;31;0.1;80;;3.7;;mmol/L;;61;10.5;;;60;38;1.4;;mmol/L;2.5;143;;1.64;mmol/L;202;307;1.48;mmol/L;;4.7;22;33;;;76.3;;;;;;;;;;;;;;;;;;;;;;;;;;;;;0;0;I;0;0;0;0;;3-T2DM AND no HFpEF;Europe;;0;0;0;0;0;0;1;1989;77;85;161;110;142;108;76.3;;;;1;0;0;0;0;0;0;0;0;0;0;0;1;1;0;0;1;;0;17/10/2023
CAR19_12_000113;01/02/1963;male;Yes;0;No;25;0.1;72;;4.6;;mmol/L;;57;9.9;;;60;51;1.4;;mmol/L;29.4;146;;2.39;mmol/L;35;178;1.79;mmol/L;;0.9;16;18.9;;;95.2;;;;;;;;;;;;;;;;;;;;;;;;;;;;;0;0;I;0;0;0;0;;3-T2DM AND no HFpEF;Europe;;0;0;0;0;0;0;1;2005;83;65;180;103;128;108;95.2;;;;1;0;0;1;0;1;0;0;0;0;0;0;0;1;0;1;1;0;0;17/10/2023
CAR19_12_000114;01/06/1955;male;Yes;0;No;160;1.5;59;;3.8;;mmol/L;;110;12.7;;;59;47;0.9;;mmol/L;25.5;169;;1.89;mmol/L;110;290;2.27;mmol/L;;0.6;99;36.9;;;104.7;;;;;;;;;;;;;;;;;;;;;;;;;;;;;0;0;I;0;0;0;0;;3-T2DM AND no HFpEF;Europe;;0;0;0;0;0;1;1;2010;77;67;177;114;121;107;106.2;;;;1;1;0;0;0;1;0;0;0;0;0;0;0;1;0;0;0;0;0;24/10/2023
CAR19_12_000115;01/03/1952;male;Yes;0;Former smoker;39;0.5;76;;3.9;;mmol/L;;66;9.1;6.7;;60;48;1.4;;mmol/L;9.5;168;;1.91;mmol/L;126;242;1.31;mmol/L;;0.5;33;11.6;;;71.9;;;;;;;;;;;;;;;;;;;;;;;;;;;;;0;0;I;0;0;0;0;;3-T2DM AND no HFpEF;Europe;;0;0;0;0;0;0;1;2020;75;61;168;98;135;93;73.4;;;;0;0;0;0;0;1;0;0;0;0;0;0;0;0;0;0;1;0;0;07/11/2023
CAR19_12_000116;01/12/1954;male;Ex-Drinker;0;No;23;0.4;50;;3.7;;mmol/L;;56;6.7;;;60;48;1;;mmol/L;3.1;171;;1.83;mmol/L;35;238;1.9;mmol/L;;1.1;30;19.1;;;65.2;;;;;;;;;;;;;;;;;;;;;;;;;;;;;0;0;I;0;0;0;1;;3-T2DM AND no HFpEF;Europe;;0;0;0;0;0;0;1;2011;82;75;161;100;137;99;66.8;;;;0;0;0;0;0;0;0;0;0;0;0;0;0;1;0;1;1;0;0;31/10/2023
CAR19_12_000117;01/12/1958;male;Yes;0;No;26;0.1;64;;3.3;;mmol/L;;81;8;6.8;;60;43;1.2;;mmol/L;3.9;163;;1.36;mmol/L;101;363;1.6;mmol/L;;0.5;14;17.9;;;71.2;;;;;;;;;;;;;;;;;;;;;;;;;;;;;0;0;I;0;0;0;0;;3-T2DM AND no HFpEF;Europe;;0;1;0;0;0;0;1;2004;68;58;160;98;118;96;72.6;;;;1;0;0;0;0;0;1;0;0;0;0;0;0;1;0;0;1;0;0;31/10/2023
CAR19_12_000118;01/04/1956;female;No;0;No;40;0.7;81;;4.5;;mmol/L;;47;6.4;7.4;;60;42;1.1;;mmol/L;13.4;180;;1.91;mmol/L;134;263;3.31;mmol/L;;0.9;28;39.5;;;94.6;;;;;;;;;;;;;;;;;;;;;;;;;;;;;0;0;I;0;0;0;1;;3-T2DM AND no HFpEF;Europe;;0;0;0;0;0;0;1;2011;;;170;120;;111;94.6;;;;0;0;0;0;0;0;0;0;0;0;1;0;0;1;0;1;1;0;0;07/11/2023
CAR19_12_000119;01/10/1962;male;Yes;0;No;32;0.4;80;;3.7;;mmol/L;;66;5.5;6.3;;60;49;1.2;;mmol/L;2.5;153;;1.83;mmol/L;35;224;1.58;mmol/L;;4.5;99;19.9;;;77.6;;;;;;;;;;;;;;;;;;;;;;;;;;;;;0;0;I;0;0;0;0;;3-T2DM AND no HFpEF;Europe;;0;0;0;0;0;0;1;1997;;;167;102;;87;77.6;;;;1;0;0;0;0;0;0;0;0;1;1;0;0;1;0;1;1;0;0;14/11/2023
CAR19_12_000121;01/02/1955;male;Ex-Drinker;0;Former smoker;24;3.2;116;;4.2;;mmol/L;;53;10.7;;;60;38;1.2;;mmol/L;3.5;166;;1.66;mmol/L;37;416;2.88;mmol/L;;3.3;26;33;;;101.8;;;;;;;;;;;;;;;;;;;;;;;;;;;;;0;0;II;0;0;0;1;;3-T2DM AND no HFpEF;Europe;;0;0;1;0;0;0;1;2014;69;78;179;117;119;112;101.8;;;;1;0;0;0;1;0;1;0;0;1;1;0;0;1;0;1;1;0;1;21/11/2023
CAR19_12_000123;01/06/1958;male;Yes;0;Former smoker;25;0.5;78;;3.2;;mmol/L;;75;6.7;;;60;47;1.5;;mmol/L;6.3;163;;1.14;mmol/L;60;270;1.38;mmol/L;;2.4;33;22.3;;;86;;;;;;;;;;;;;;;;;;;;;;;;;;;;;0;0;I;0;0;0;0;;3-T2DM AND no HFpEF;Europe;;0;0;0;0;0;0;1;2006;85;52;174;105;144;99;87.9;;;;1;0;0;1;0;1;0;0;0;0;1;0;0;1;0;1;1;0;0;28/11/2023
CAR19_12_000124;01/01/1962;male;Ex-Drinker;0;Former smoker;15;0.1;65;;4.6;;mmol/L;;67;8.9;;;60;44;1;;mmol/L;4.2;156;;;;35;404;4.51;mmol/L;;2.9;99;13.9;;;72.1;;;;;;;;;;;;;;;;;;;;;;;;;;;;;0;0;I;0;0;0;0;;3-T2DM AND no HFpEF;Europe;;0;0;0;0;0;0;1;2022;77;84;171;100;128;89;73.8;;;;0;0;0;0;0;0;0;0;0;0;0;0;0;0;0;0;1;0;0;28/11/2023
CAR19_12_000127;01/11/1976;male;Yes;0;No;30;0.1;54;;2.9;;mmol/L;;81;7.6;;;60;48;1.4;;mmol/L;2.5;157;;1.15;mmol/L;35;234;0.75;mmol/L;;0.5;18;16;;;79.8;;;;;;;;;;;;;;;;;;;;;;;;;;;;;0;0;I;0;0;0;0;;3-T2DM AND no HFpEF;Europe;;0;0;0;0;0;0;1;2005;89;74;181;100;120;102;81.5;;;;0;0;0;0;0;0;0;0;0;0;0;0;0;1;0;1;1;0;0;05/12/2023
CAR19_12_000128;01/10/1964;female;Yes;0;Active smoker;19;0.6;82;;4;;mmol/L;;67;8.2;7.5;;60;45;1.1;;mmol/L;2.5;133;;2.26;mmol/L;69;297;1.36;mmol/L;;2.3;19;45.7;;;96;;;;;;;;;;;;;;;;;;;;;;;;;;;;;0;0;I;0;0;0;1;;3-T2DM AND no HFpEF;Europe;;0;0;1;0;0;0;1;2010;80;74;165;122;134;114;97.8;;;;0;0;0;0;0;0;0;0;0;0;0;0;0;1;0;0;1;0;0;12/12/2023
CAR19_13_000001;01/02/1948;female;Yes;0;Former smoker;20;;68;14;4.6;;mmol/L;85;79;6.8;6.8;23.9;64;39;1.6;;mmol/L;8;156;;2.4;mmol/L;198;207;1.68;mmol/L;;5.6;20;;;;73;0.98;;351;0.67;0.68;1.2;1.2;64;;;;5;51;48;4.3;79;29;2;;-12;4;2.82;;;;;;;0;0;II;0;0;0;0;negative;4-T2DM AND HFpEF;Europe;;0;0;0;0;0;1;1;2009;81;72;162;105;132;93;70;-19.3;-16.5;33.4;1;0;0;0;0;0;0;0;0;0;0;0;0;1;0;0;0;0;1;07/07/2021
CAR19_13_000002;01/05/1951;female;No;0;No;33;;111;21;4.1;;mmol/L;174;114;4.9;5.4;15.12;42;42;1.6;;mmol/L;9;260;;2.2;;315;247;0.83;;;6;23;53.9;;;82;0.99;;350;0.62;0.63;0.9;0.9;62;;;;6;88;82;4.3;105;40;2;22.6;;5;2.81;;;;;;;0;1;II;0;0;0;1;negative;2-no T2DM AND with HFpEF;Europe;;0;0;0;0;0;1;0;;78;69;158;105;148;108;82;-17.1;-13.7;27.9;0;0;0;0;0;0;0;0;0;0;0;0;1;0;0;0;1;0;0;27/08/2021
CAR19_13_000003;01/05/1951;female;No;0;Former smoker;18;;78;23;6.8;;mmol/L;62;55;4.9;5.2;6.58;;39;1.4;;mmol/L;8;182;;4.5;mmol/L;369;189;2.6;mmol/L;;2;18;30;37;;67.2;0.61;;201;0.73;1.19;0.7;0.7;69;;;;9;83;78;5.3;113;36;2;22.5;;8;2.73;;;;;;;0;0;II;0;1;0;1;negative;2-no T2DM AND with HFpEF;Europe;;0;0;0;0;0;1;0;;66;68;154;99;155;96;67.2;-18;-14.8;29.7;0;0;0;0;1;1;0;0;0;0;0;0;0;0;0;0;0;0;0;27/08/2021
CAR19_13_000004;01/11/1956;female;Yes;0;Former smoker;17;;111;21;;;;50;86;5.9;5.4;9.5;62;38;;;;10;183;;;;287;179;;;;12;28;48.4;49.6;;98;1.22;;317;0.81;0.66;1;1.1;73;;;;8;139;131;5;89;24;2;;-13;6;3.04;;;;;;;0;1;II;0;1;0;1;negative;2-no T2DM AND with HFpEF;Europe;;1;0;0;0;0;1;0;;66;54;162;122;128;120;97;-21.3;-16.7;43.1;1;0;0;0;1;0;0;0;0;0;0;0;1;0;0;0;1;0;0;27/08/2021
CAR19_13_000005;01/07/1954;male;Ex-Drinker;0;Former smoker;23;;96;16;3.6;;mmol/L;62;93;5.6;7.3;16.1;73;33;1.8;;mmol/L;7;147;;1.8;mmol/L;74;270;2.45;mmol/L;;1;30;30.6;71.7;;101.7;1.08;;260;0.76;0.71;1;0.9;51;;;;4;71;67;5.9;193;95;2;;-15;6;;;;;;;;0;0;II;0;0;0;1;negative;4-T2DM AND HFpEF;Europe;;1;0;0;1;0;0;1;2011;70;77;186;112;120;116;101.7;-13.8;-12;20.7;0;0;0;0;0;1;0;0;0;0;0;0;0;1;0;0;1;0;0;27/08/2021
CAR19_13_000006;01/12/1952;female;Yes;0;Active smoker;;;;;;;;;;;;;;;;;;;;;;;;;;;;;;31;;;71;;;;;;;;;;;;;;;;;;;;;;;;;;;;;0;0;III;0;0;0;1;negative;2-no T2DM AND with HFpEF;Europe;;1;0;0;0;0;1;0;;89;89;162;103;142;82;71;;;;1;0;0;0;1;1;0;0;0;0;0;0;1;0;0;0;1;0;0;01/10/2021
CAR19_13_000007;01/08/1950;female;Yes;0;No;29;;53;17;3.6;;mmol/L;92;72;5.8;5.9;116;73;40;1.1;;mmol/L;10;169;;2;mmol/L;56;188;1.13;mmol/L;;0;23;30.7;55.6;;86.3;1.03;;218;0.66;0.63;1.1;1;76;;;;8;67;64;5.2;106;26;1.9;;;6;;;;;;;;0;0;I;0;0;0;0;;1-no T2DM AND no HFpEF;Europe;;0;0;0;0;0;0;0;;80;49;164;107;142;102;85;;;;1;0;0;0;1;0;0;0;0;0;0;0;0;0;0;0;1;0;1;08/04/2022
CAR19_13_000008;01/07/1950;male;Yes;0;No;30;;55;26;4.7;;mmol/L;119;59;6.4;5.6;;90;47;1.1;;mmol/L;48;186;;3;mmol/L;24;;1.37;mmol/L;;3;34;29;56;;85;0.77;;272;0.45;0.59;1;1.2;;;;;8;73;;4.7;;;;19.9;;5;;;;;;;;0;1;I;0;0;0;0;;1-no T2DM AND no HFpEF;Europe;;0;0;0;0;0;0;0;;84;65;166;99;142;118;85.1;;;;1;0;0;0;0;1;0;0;0;0;0;0;0;0;0;0;0;0;1;08/04/2022
CAR19_13_000009;01/01/1953;female;Yes;0;No;20;;76;16;4.4;;mmol/L;108;75;5.9;5.3;19.7;70;44;0.9;;mmol/L;9;170;;2.7;mmol/L;65;225;2.24;mmol/L;;3;15;53.9;51.9;;105.8;;;;;;;;;;;;;;;;;;;;;;;;;;;;;0;0;;0;0;0;0;negative;1-no T2DM AND no HFpEF;Europe;;0;0;0;0;0;1;0;;84;69;163;124;143;122;106;;;;0;0;0;0;0;0;0;0;0;0;0;0;0;0;0;0;0;0;1;27/05/2022
CAR19_13_000010;01/12/1948;female;No;0;No;637;;303;216;5.9;;mmol/L;47;86;5.7;5.5;20.6;58;46;1.2;;mmol/L;8;260;;3.9;mmol/L;103;475;1.79;mmol/L;;6;500;;49.3;;96.7;0.9;;289;0.6;0.67;0.6;0.7;75;;;;10;88;83;5.4;159;39;1.8;25.5;;6;;;;;;;;0;1;II;0;0;0;0;;2-no T2DM AND with HFpEF;Europe;;0;0;0;0;0;1;0;;76;65;162;131;153;106;96.7;;;;0;0;0;0;0;0;0;0;0;0;0;0;1;0;0;0;0;0;0;27/05/2022
CAR19_13_000011;01/04/1968;female;Yes;0;No;27;;68;25;5.2;;mmol/L;88;74;6.3;5.4;2.3;79;43;2.7;;mmol/L;3;180;;2.4;mmol/L;152;303;0.53;mmol/L;;1;15;25.6;38.1;;63.7;0.5;;209;0.54;1.09;0.8;0.8;72;;;;9;;;4.5;97;27;2;20.7;-21;7;2.67;;;;;;;0;0;I;0;0;0;0;negative;1-no T2DM AND no HFpEF;Europe;;0;0;0;0;0;0;0;;75;60;161;101;130;87;63.7;;;;0;0;0;0;0;0;0;0;0;0;0;0;0;0;0;0;0;0;0;08/07/2022
CAR19_13_000012;01/02/1959;male;Yes;0;Former smoker;27;;79;25;5.9;;mmol/L;144;105;6;5.5;17.9;65;;0.9;;mmol/L;14;160;;3.3;mmol/L;95;184;5.62;mmol/L;;2;35;41.8;81;;122.8;;;;;;;;;;;;;;;;;;;;;;;;;;;;;1;0;II;0;1;0;1;negative;2-no T2DM AND with HFpEF;Europe;;0;0;0;0;0;1;0;;98;60;193;114;172;122;123;;;;0;0;0;0;0;0;0;0;0;0;0;0;0;0;0;0;0;0;0;26/08/2022
CAR19_13_000013;01/04/1954;female;Yes;0;Former smoker;10;;86;12;4.7;;mmol/L;54;75;5.3;4.8;6.3;71;33;1.2;;mmol/L;12;186;;2.7;mmol/L;481;215;2.27;mmol/L;;2;12;56.1;57.6;;113.7;;;;;;;;;;;;;;;;;;;;;;;;;;;;;0;1;III;0;0;0;1;negative;2-no T2DM AND with HFpEF;Europe;;0;;;;;1;0;;65;54;164;134.5;123;123;113.7;;;;0;;0;0;1;0;0;0;0;0;0;0;1;0;0;0;1;0;0;07/10/2022
CAR19_13_000014;01/12/1950;female;Yes;0;No;14;;94;25;3.8;;mmol/L;174;60;5.4;5.1;3.2;88;38;1.5;;mmol/L;13;190;;1.9;mmol/L;310;209;1.21;mmol/L;;1;14;43;38.8;;81.1;;;;;;;;;;;;;;;;;;;;;;;;;;;;;0;0;III;0;0;0;0;negative;2-no T2DM AND with HFpEF;Europe;;0;0;0;0;0;1;0;;84;59;149;120;142;117;81.8;;;;1;0;0;0;1;0;0;0;0;0;0;0;0;0;0;0;1;0;1;25/11/2022
CAR19_13_000015;01/10/1947;male;Yes;0;Former smoker;18;;77;24;3.5;;mmol/L;92;81;5;5.7;1.7;82;;1.7;;mmol/L;14;197;;1.6;mmol/L;490;72;0.54;mmol/L;;1;44;10.5;52.4;;62.9;;;;;;;;;;;;;;;;;;;;;;;;;;;;;0;0;II;0;0;0;0;negative;2-no T2DM AND with HFpEF;Europe;;0;0;0;0;0;1;0;;80;55;173;;138;;63;;;;0;0;0;0;1;1;0;0;0;0;0;0;0;0;0;1;0;0;0;25/11/2022
CAR19_13_000016;01/09/1950;female;Yes;0;Former smoker;21;;94;27;4.2;;mmol/L;243;70;5.9;6.2;9.8;75;43;1.7;;mmol/L;11;210;;2;mmol/L;173;229;1.63;mmol/L;;2;26;39.4;45.3;;84.7;;;;;;;;;;;;;;;;;;;;;;;;;;;;;0;0;II;0;0;0;1;;2-no T2DM AND with HFpEF;Europe;;1;0;0;0;0;1;0;;84;67;160;109;145;114;84.7;;;;0;0;0;0;0;1;0;0;0;0;0;0;0;0;0;0;1;0;1;09/06/2023
CAR19_14_000001;01/04/1974;male;Yes;0;Former smoker;27;1.4;64;28;5.6;;mmol/L;;99;5.2;;6.5;77;46;1.6;;mmol/L;17;158;;3.9;mmol/L;42;179;0.81;mmol/L;;4.8;30;;;10;80.5;0.49;4.02;167;0.84;1.73;0.7;0.7;64;-22;-10;32;15;94;85;5.3;127;45;2.2;;-17;13;2.45;-23.1;-21.7;-21.4;-19.1;-16.1;-17.2;0;0;I;0;1;0;0;negative;1-no T2DM AND no HFpEF;Europe;;0;0;0;0;0;0;0;;83;52;178;97;135;92;80.5;-17.6;-13.2;28.2;0;0;0;0;0;0;0;0;0;0;0;0;0;0;0;0;0;0;0;02/06/2021
CAR19_14_000002;01/05/1954;male;Yes;0;No;20;20.6;56;24;5.3;;mmol/L;;84;5.4;5.6;6;83;46;1.3;;mmol/L;7;205;;3.9;mmol/L;118;220;0.86;mmol/L;;0.8;19;;;38.7;91.3;0.65;5.68;172;0.65;1;0.7;1;59;-14;-12;26;13;139;129;5.8;171;71;2.3;;-23;12;2.46;-18.6;-14.9;-12.8;-19.5;-20.5;-18.1;0;0;II;0;1;0;1;negative;1-no T2DM AND no HFpEF;Europe;;0;0;0;0;0;0;0;;84;54;193;105;138;97;91.3;-16.4;-16.5;25.8;0;0;0;0;1;0;0;0;0;0;0;0;1;0;0;0;0;0;0;09/08/2021
CAR19_14_000003;01/11/1966;male;Yes;0;Former smoker;21;1.4;85;19;3.5;;mmol/L;;82;5;5.5;8.8;93;50;1.3;;mmol/L;8;175;;1.7;mmol/L;9;269;1.23;mmol/L;;1;21;;;35.1;85.8;0.62;6.04;211;0.63;1.01;0.9;1.2;60;-17;-16;33;13;89;82;4.9;182;73;2.4;;-17;12;2.39;-20.1;-14.2;-18.6;-18.8;-18.8;-18.4;0;0;II;0;1;0;1;positive;1-no T2DM AND no HFpEF;Europe;;0;0;0;0;0;;0;;83;54;185;94;139;94;85.8;-18.8;-17.2;31.4;1;;;;;;;;;;;;;;;;;;;18/08/2021
CAR19_14_000004;01/02/1957;male;Yes;0;Former smoker;37;21.1;48;28;5.4;;mmol/L;;65;11.4;8.2;7.8;97;42;1.3;;mmol/L;11;193;;3.5;mmol/L;55;155;1.88;mmol/L;;0;61;;;34.1;78.1;0.89;4.91;206;0.87;0.98;0.7;0.9;57;-13;-18;31;15;90;84;3.9;134;57;2.1;24;-19;11;2.26;-26.1;-21.2;-17.4;-25.7;-17.6;-21.1;0;0;II;0;1;0;1;positive;4-T2DM AND HFpEF;Europe;;0;0;0;1;0;0;1;2013;84;55;187;91;159;95;78.1;-7.7;-7.4;9.4;1;0;0;0;0;1;0;0;0;0;0;0;0;1;0;0;0;0;0;05/10/2021
CAR19_14_000005;01/04/1973;female;No;0;No;23;69.1;59;22;5.9;;mmol/L;;83;4.9;5.6;15.3;71;41;1.6;;mmol/L;5;198;;3.8;mmol/L;103;350;1.95;mmol/L;;18;20;40.2;;23.7;88;0.8;4.85;196;0.88;1.1;1;0.9;68;-18;-18;35;16;55;51;4;109;35;1.8;27.9;-20;10;2.9;-26.7;-15.8;-36.9;-27.1;-29.3;-29.8;0;1;II;0;1;0;1;negative;1-no T2DM AND no HFpEF;Europe;;0;0;0;1;0;0;0;;90;71;168;119;152;102;88;;;;1;0;0;0;1;1;0;0;0;0;0;0;0;0;0;0;0;0;0;09/11/2021
CAR19_14_000006;01/08/1967;male;Yes;0;No;31;1.1;59;25;3.9;;mmol/L;;109;5.5;;2.9;66;47;1.9;;mmol/L;10;202;;1.8;mmol/L;41;205;0.89;mmol/L;;0.7;21;;;38.4;71.9;;;;;;;;;;;;;;;;;;;;;;;;;;;;;0;0;I;0;0;0;0;positive;1-no T2DM AND no HFpEF;Europe;;0;0;0;0;0;0;0;;98;59;178;92;132;79;71.9;-16.6;-13.5;26.8;0;0;0;0;0;0;0;0;0;0;0;0;0;0;0;0;1;0;0;02/12/2021
CAR19_14_000009;01/05/1964;male;Yes;0;Former smoker;54;8.3;81;31;4.8;;mmol/L;;100;6.7;6.2;15.7;72;48;1.1;;mmol/L;9;225;;3.3;mmol/L;30;257;0.92;mmol/L;;1.9;55;;;31.1;111.6;;;;;;;;;;;;;;;;;;;;;;;;;;;;;1;1;I;0;0;0;0;;1-no T2DM AND no HFpEF;Europe;;0;0;0;0;0;0;0;;97;64;183;112;175;123;111.6;-17;-16;28;1;0;0;0;1;1;0;0;0;0;0;0;1;0;;0;0;0;0;01/03/2022
CAR19_14_000010;01/10/1959;female;No;0;No;20;7.9;66;23;4.2;;mmol/L;;58;4.5;;1.3;95;41;1.9;;mmol/L;5;188;;2;mmol/L;67;226;0.71;mmol/L;;0.8;14;;;39.1;56.6;;;;;;;;;;;;;;;;;;;;;;;;;;;;;1;0;II;0;0;0;1;;1-no T2DM AND no HFpEF;Europe;;0;0;0;0;0;0;0;;84;68;175;88;142;69;56.6;-16.5;-14.2;25.5;0;0;0;0;0;1;0;0;0;0;0;0;0;0;0;0;0;0;0;03/05/2022
CAR19_14_000011;01/01/1954;male;No;0;Former smoker;49;1.8;80;34;5.6;;mmol/L;;82;5.3;;6.4;84;41;1.4;;mmol/L;15;210;;3.6;mmol/L;78;568;0.96;mmol/L;;1;100;;;31;96;;;;;;;;;;;;;;;;;;;;;;;;;;;;;1;1;I;0;0;0;1;;1-no T2DM AND no HFpEF;Europe;;0;0;0;0;0;0;0;;81;62;186;110;143;116;96;-10.8;-13.2;31.3;0;0;0;0;0;0;0;0;0;0;0;0;0;0;0;0;0;0;0;10/05/2022
CAR19_14_000015;01/09/1970;female;;;;;;;;;;;;;;;;;;;;;;;;;;;;;;;;;;;;;;;;;;;;;;;;;;;;;;;;;;;;;;;;;;;;;;;;;1-no T2DM AND no HFpEF;;;;;;;;;;;;;;;;;;-19.8;-16.7;34.2;;;;;;;;;;;;;;;;;;;;25/08/2022
CAR19_14_000016;01/05/1970;male;;;;;;;;;;;;;;;;;;;;;;;;;;;;;;;;;;;;;;;;;;;;;;;;;;;;;;;;;;;;;;;;;;;;;;;;;1-no T2DM AND no HFpEF;;;;;;;;;;;;;;;;;;;;;;;;;;;;;;;;;;;;;;;;22/09/2022
CAR19_15_000001;01/08/1954;male;Yes;0;No;38;;88;28;6.7;;mmol/L;;144;6.9;10.2;30.67;39;35;1.06;;mmol/L;35;;;;mmol/L;52;187;5.07;mmol/L;;;45;39.2;71.5;;110.7;;;;;;;;;;;;;;;;;;;;;;;;;;;;;0;0;I;0;0;0;0;negative;3-T2DM AND no HFpEF;Europe;;0;0;0;1;0;1;1;2003;78;62;184;107.1;138;125.3;110.7;;;;1;;;1;;;;;;;;;;1;;;1;;;12/12/2023
CAR19_15_000002;01/04/1959;male;Yes;0;Former smoker;25;;78;18;5.9;;mmol/L;;99;8.9;7;6.16;61;45;1.26;;mmol/L;;;;;;;201;1.39;mmol/L;;;17;26.2;59.7;;85.9;;;;;;;;;;;;;;;;;;;;;;;;;;;;;0;0;I;0;0;0;0;negative;3-T2DM AND no HFpEF;Europe;;0;0;0;0;0;0;1;2011;81;60;179;98.5;130;106.3;85.9;;;;;;;1;;;;;;;;;;;;;;;;12/12/2023
CAR19_15_000003;01/03/1958;female;Yes;0;Former smoker;15;;76;17;4.5;;mmol/L;;72;11.8;7.9;31.32;89;48;1.16;;mmol/L;18;;;;;240;265;1.45;mmol/L;;;10;43.9;46.9;;90.8;;;;;;;;;;;;;;;;;;;;;;;;;;;;;;0;II;0;0;0;1;negative;3-T2DM AND no HFpEF;Europe;;;;;0;1;;1;1987;79;78;157;123.5;171;115.5;90.8;;;;;;;;;;;;;;;;;;;;;;;12/12/2023
CAR19_15_000004;01/02/1957;male;Ex-Drinker;0;Former smoker;29;;84;24;3.1;;mmol/L;;64;10.7;7.6;36.85;103;44;;;mmol/L;10;;;;;26;296;1.07;mmol/L;;;51;48.5;62;;110.5;0.96;;260;0.63;0.66;1.4;1.5;51;;;;;77;73;5;201;98;2.2;15.7;-14;7;;;;;;;;;0;;0;;0;0;negative;3-T2DM AND no HFpEF;Europe;;0;0;0;0;0;0;1;2004;78;81;176;118.4;120;127.6;110.5;;;;;;;1;;;;;;;;;;1;;;1;1;1;14/12/2023
CAR19_15_000006;01/02/1951;female;No;0;Former smoker;24;;102;18;4.8;;mmol/L;;43;18.7;10;13.61;121;41;1.1;;mmol/L;9;;;;;36;251;2.54;mmol/L;;;58;31.4;50.8;;82.2;;;;;;;;;;;;;;;;;;;;;;;;;;;;;0;0;I;0;0;0;0;negative;3-T2DM AND no HFpEF;Europe;;0;1;1;0;0;0;1;2008;84;71;178;114.1;164;98.3;82.2;;;;0;0;0;0;0;0;0;0;0;0;0;0;0;1;0;0;0;1;0;25/01/2024
CAR19_15_000008;01/02/1955;male;;;;17;;110;22;6.4;;mmol/L;;84;3.7;11.2;5.15;74;42;2.14;;mmol/L;15;;;;;223;188;0.86;mmol/L;;;27;9;58.6;;67.6;0.61;;211;0.67;1.09;0.8;1;54;;;;12;;;4.8;107;49;2.5;18.6;;10;;;;;;;;;;;;;;;negative;3-T2DM AND no HFpEF;;;;;;;;;;;82;78;193;87.5;154;79;67.6;;;;;;;;;;;;;;;;;;;;;;;14/12/2023
CAR19_15_000009;01/10/1950;female;Yes;0;;13;;54;16;4;;mmol/L;;74;9.5;6.4;22.24;87;39;1.5;;mmol/L;7;;;;;10;195;1.37;mmol/L;;;17;40;47.4;;87.4;0.78;;244;0.5;0.64;1.2;1.2;;;;;6;;;4.8;;;2.2;20.2;;6;;;;;;;;0;0;I;0;0;0;0;negative;3-T2DM AND no HFpEF;Europe;;;;0;0;0;;;;84;71;160;110;135;110.4;87.4;;;;;;;;;;;;;;;;;;;;;;;15/12/2023
CAR19_15_000010;01/08/1961;male;Ex-Drinker;1;Former smoker;11;;73;16;5;;mmol/L;;60;10.7;8.5;20.09;108;47;1.1;;mmol/L;6;;;;;10;250;1.96;mmol/L;;;28;23.3;57.2;;80.5;0.9;;200;0.92;1.02;0.8;0.8;59;;;;12;63;60;4.9;117;47;2.2;26.7;;9;;;;;;;;0;0;I;0;1;0;0;negative;3-T2DM AND no HFpEF;Europe;;0;0;0;0;0;;1;2017;78;77;174;92;162;96.7;80.5;;;;1;0;0;0;0;0;;0;1;0;0;0;0;1;0;1;1;0;0;15/12/2023
CAR19_15_000011;01/04/1964;male;Yes;0;Former smoker;32;;110;23;5;;mmol/L;;81;8.8;7.3;8.3;78;44;1.14;;mmol/L;7;;;;;18;299;1.86;mmol/L;;;42;30;67.8;;97.8;;;;;;;;;;;;;;;;;;;;;;;;;;;;;0;1;I;0;0;0;0;negative;3-T2DM AND no HFpEF;Europe;;0;0;0;0;0;1;1;2001;84;62;180;108.4;150;104.1;97.8;;;;0;0;0;0;0;0;0;0;0;0;0;0;0;1;0;0;1;0;1;22/01/2024
CAR19_15_000012;01/08/1969;male;No;0;No;59;;79;37;4.6;;mmol/L;;61;7.8;6.3;2.34;108;44;1.19;;mmol/L;18;;;;;10;239;1.11;mmol/L;;;99;16.6;55.3;;71.9;;;;;;;;;;;;;;;;;;;;;;;;;;;;;0;0;I;0;0;0;0;negative;3-T2DM AND no HFpEF;Europe;;0;0;0;0;0;0;1;2000;77;60;174;93.4;118;89.7;71.9;;;;0;0;0;0;0;0;0;0;1;0;0;0;0;0;0;0;0;0;0;22/01/2024
CAR19_15_000013;01/02/1967;male;Yes;0;No;22;;108;19;2.2;;mmol/L;;99;9.6;6.4;16.93;61;44;0.81;;mmol/L;10;;;;;254;294;1.33;mmol/L;;;24;36.1;69.5;;105.6;;;;;;;;;;;;;;;;;;;;;;;;;;;;;0;0;I;0;0;0;0;negative;3-T2DM AND no HFpEF;Europe;;0;0;0;0;0;;1;2007;88;75;183;109.5;134;111.3;105.6;;;;1;0;0;0;1;0;0;0;0;0;1;0;0;1;0;0;1;1;1;22/01/2024
CAR19_15_000014;01/11/1960;male;Yes;0;No;34;;78;21;5.2;;mmol/L;;71;9;7.3;13.28;91;44;1.17;;mmol/L;8;;;;;15;250;1.96;mmol/L;;;37;42.2;74;;116.2;;;;;;;;;;;;;;;;;;;;;;;;;;;;;0;0;I;0;0;0;0;negative;3-T2DM AND no HFpEF;Europe;;0;0;0;0;0;0;1;2012;76;54;194;134.7;129;119.3;116.2;;;;0;0;0;0;0;0;0;0;0;0;0;0;0;1;0;0;0;1;0;23/01/2024
CAR19_15_000016;01/03/1955;female;Yes;0;Former smoker;17;;69;18;5.8;;mmol/L;;92;6.7;6.6;5.15;67;43;1.66;;mmol/L;8;;;;;110;202;1.6;mmol/L;;;21;22;39.6;;61.6;;;;;;;;;;;;;;;;;;;;;;;;;;;;;1;0;I;0;0;0;0;negative;3-T2DM AND no HFpEF;Europe;;0;0;0;0;0;0;1;2009;81;56;158;94;128;80.1;61.6;;;;0;0;0;0;1;1;0;0;0;0;0;0;0;1;0;1;0;0;0;23/01/2024
CAR19_15_000018;01/02/1967;male;No;0;No;23;;51;23;5.5;;mmol/L;;79;10.5;8.4;7.8;80;44;1.26;;mmol/L;11;;;;;10;311;1.71;mmol/L;;;18;24.3;74.8;;99.1;;;;;;;;;;;;;;;;;;;;;;;;;;;;;1;0;I;0;0;0;0;negative;3-T2DM AND no HFpEF;Europe;;0;0;0;0;1;0;1;2009;91;81;181;102.5;158;103.9;99.1;;;;0;0;0;1;0;0;0;0;0;0;0;0;0;1;0;0;0;1;0;24/01/2024
CAR19_15_000019;01/04/1969;female;No;0;No;16;;157;25;4.4;;mmol/L;;63;12.2;7.7;86.82;105;43;2.24;;mmol/L;7;;;;;78;344;1.41;mmol/L;;;11;30.7;44.6;;75.3;;;;;;;;;;;;;;;;;;;;;;;;;;;;;0;0;I;0;0;0;0;negative;3-T2DM AND no HFpEF;Europe;;0;0;0;0;0;0;1;2002;75;66;178;104.1;140;96;75.3;;;;0;0;0;0;0;0;0;0;0;0;0;0;0;1;0;0;0;0;1;24/01/2024
CAR19_16_000002;01/10/1963;female;No;0;No;17;;101;19;4.2;;mmol/L;64;72;7.3;36;25;80;46;1.69;;mmol/L;3;171;;2.1;mmol/L;51;320;0.8;mmol/L;;0.5;15;;;;;;;;;;;;;;;;;;;;;;;;;;;;;;;;;0;0;I;0;0;0;0;;1-no T2DM AND no HFpEF;Europe;NA;0;0;0;0;0;0;0;;77;57;161;;130;;54;;;;1;0;0;0;0;1;0;0;0;0;0;0;0;0;1;0;1;0;0;01/11/2021
CAR19_16_000009;01/08/1958;male;Yes;0;No;21;;59;14;3.6;;mmol/L;149;90;7.7;51;12;77;43;0.9;;mmol/L;;159;;2.2;mmol/L;69;174;1.2;mmol/L;;1;55;;;;;;;;;;;;;;;;;;;;;;;;;;;;;;;;;0;0;II;0;0;0;0;;3-T2DM AND no HFpEF;Europe;;0;0;0;0;0;0;1;2023;84;74;184;;130;;90.4;;;;0;0;0;0;0;0;0;0;0;0;0;0;0;0;0;0;1;0;0;
CAR19_17_000001;01/02/1965;female;Yes;0;Active smoker;10;;74;17;3.01;;mmol/L;78;44;5.1;6.6;5;107;39;1.39;;mmol/L;5;152;;1.27;mmol/L;17;312;0.77;mmol/L;;1;13.4;18.49;35.81;14.72;54.3;0.76;4.9;224;0.59;0.77;0.8;1.1;73;-12;-18;30;10;46;44;4.2;79;21;2;20.2;-24;9;2.14;-18.2;;-28.6;-22.1;-20.3;-21.4;0;0;;0;0;0;1;;3-T2DM AND no HFpEF;Northern Africa;;0;0;1;0;0;;1;1999;75;71;156;88;127;80;55.5;-17.5;-14.3;28;0;0;0;1;0;0;0;0;0;0;1;0;0;1;0;0;1;0;0;01/06/2023
CAR19_17_000002;01/09/1972;female;Yes;0;No;;3;;;;;;;66;6.5;7.1;25.5;93;45;;;;;;;;;;336;;;;;;30.1;49.1;;79.2;;;;;;;;;;;;;;;;;;;;;;;;;;;;;0;1;I;0;1;0;0;negative;3-T2DM AND no HFpEF;Europe;;0;0;0;0;0;0;1;2003;75;69;156;97;113;99;80.2;-20.4;-17.5;36;1;0;0;1;0;1;1;0;0;0;1;0;0;1;0;0;1;1;0;16/06/2023
CAR19_17_000003;01/06/1958;female;Yes;0;Former smoker;38;;54;29;5.68;;mmol/L;67;62;5.8;6.1;11.6;91;38;1.78;;mmol/L;7;184;;3.5;mmol/L;60;300;0.87;mmol/L;;1.3;20.4;25.1;40.2;;65.3;0.87;3.82;242;0.57;0.66;0.9;1;58;;;;8;50;46;4.3;90;38;1.9;23.1;-22;6;2.2;;;;-18.2;-20.9;-16.9;0;0;I;0;0;0;0;negative;3-T2DM AND no HFpEF;Europe;;0;0;0;0;0;;1;2019;88;74;156;105;146;91;66.7;-19.1;-17.5;32.5;0;0;0;0;0;1;0;0;0;0;1;0;0;0;0;0;0;0;0;10/08/2023
CAR19_18_000002;01/07/1956;female;No;0;Former smoker;;;;;;;;;;;;;;;;;;;;;;;;;;;;;;39.9;55.7;;95.6;0.96;4.6;208;0.72;0.76;0.9;1.1;60;-13;-17;30;5;60;57;4.4;104;42;1.9;20.5;;5;;-18;;-15.6;-18.7;;-19.1;;;;;;;;negative;3-T2DM AND no HFpEF;Europe;;;;;;;;;;;;;;;;;;;;;;;;;;;;;;;;;;;;;;;29/09/2023
CAR19_98_000001;01/01/1971;male;;;;;;;;;;;;;;;;;;;;;;;;;;;;;;;;;;;;;;;;;;;;;;;;;;;;;;;;;;;;;;;;;;;;;;;;;;;;;;;;;;;;;;;;;;;-10.7;-12.6;14.5;;;;;;;;;;;;;;;;;;;;
CAR19_98_000002;01/12/1957;male;;;;;;;;;;;;;;;;;;;;;;;;;;;;;;;;;;;;;;;;;;;;;;;;;;;;;;;;;;;;;;;;;;;;;;;;;;;;;;;;;;;;;;;;;;;-14.6;-14.2;21.5;;;;;;;;;;;;;;;;;;;;
CAR19_98_000003;01/07/1955;male;;;;;;;;;;;;;;;;;;;;;;;;;;;;;;;;;;;;;;;;;;;;;;;;;;;;;;;;;;;;;;;;;;;;;;;;;;;;;;;;;;;;;;;;;;;-19.9;-17.1;37;;;;;;;;;;;;;;;;;;;;
CAR19_98_000004;01/04/1972;female;;;;;;;;;;;;;;;;;;;;;;;;;;;;;;;;;;;;;0.67;;186;1.11;1.64;0.6;0.7;63;-23;-16;39;13;68;64;4.6;117;44;2;25;-21;10;3.01;-19.8;-19.6;-17.1;-18.7;-19.1;-19.8;;;;;;;;;;;;;;;;;;;;;;;;;;;-18.8;-16.2;31.9;;;;;;;;;;;;;;;;;;;;
CAR19_98_000005;01/10/1955;male;;;;;;;;;;;;;;;;;;;;;;;;;;;;;;;;;;;;;0.73;3.63;212;0.76;1.04;0.5;0.5;66;-22;-18;40;10;43;40;4.5;97;33;2.1;18.4;-27;9;2.26;-13.4;-19;-18.6;-24;-22.8;-22.9;;;;;;;;;;;;;;;;;;;;;;;;;;;-15.3;-14.3;23.6;;;;;;;;;;;;;;;;;;;;
CAR19_98_000006;01/12/1957;female;;;;;;;;;;;;;;;;;;;;;;;;;;;;;;;;;;;;;0.56;;204;0.48;0.87;1.1;1.2;67;-11;-22;33;11;79;74;5.4;141;46;2.5;27.3;-22;7;2;-18.4;-16.1;-18.1;-20.2;-20.7;-18.4;;;;;;;;;;;;;;;;;;;;;;;;;;;-17.3;-19.8;28.8;;;;;;;;;;;;;;;;;;;;
CAR19_98_000007;01/12/1964;male;;;;;;;;;;;;;;;;;;;;;;;;;;;;;;;;;;;;;0.77;;284;0.57;0.74;0.8;1.1;61;;;;8;115;105;5.3;178;70;2.6;23.5;;10;2.29;-21.7;-12.8;-12.1;-20.8;-17.6;-19;;;;;;;;;;;;;;;;;;;;;;;;;;;-15.9;-15;25.2;;;;;;;;;;;;;;;;;;;;
CAR19_98_000008;01/09/1971;female;;;;;;;;;;;;;;;;;;;;;;;;;;;;;;;;;;;;;;;;;;;;;;;;;;;;;;;;;;;;;;;;;;;;;;;;;;;;;;;;;;;;;;;;;;;-17;-16.1;27.2;;;;;;;;;;;;;;;;;;;;
CAR19_98_000009;01/10/1960;male;;;;;;;;;;;;;;;;;;;;;;;;;;;;;;;;;;;;;0.75;4.77;257;0.5;0.67;0.9;0.9;63;-18;-22;40;11;46;42;4.5;96;36;2.1;20.3;-17;7;2.22;-19.4;-3.1;-9;-20.6;-11;-18.3;;;;;;;;;;;;;;;;;;;;;;;;;;;-16.3;-11.1;25.2;;;;;;;;;;;;;;;;;;;;
CAR19_98_000010;01/09/1957;male;;;;;;;;;;;;;;;;;;;;;;;;;;;;;;;;;;;;;0.76;4.63;171;0.59;0.77;0.8;0.8;61;-12;-16;28;9;47;43;4.6;99;39;2.1;18.4;-17;6;;-18.1;-14.2;-13.7;-18.9;-18.7;-16.8;;;;;;;;;;;;;;;;;;;;;;;;;;;-17.3;-10;27.3;;;;;;;;;;;;;;;;;;;;
CAR19_98_000011;01/10/1956;male;;;;;;;;;;;;;;;;;;;;;;;;;;;;;;;;;;;;;0.62;;215;0.87;1.4;0.8;1;66;-18;-14;32;10;110;98;5.6;141;48;2.5;16.9;-23;8;;-17.5;-16.4;-17.5;-20.2;-19.8;-18;;;;;;;;;;;;;;;;;;;;;;;;;;;;;;;;;;;;;;;;;;;;;;;;;
CAR19_98_000012;01/02/1955;female;;;;;;;;;;;;;;;;;;;;;;;;;;;;;;;;;;;;;0.86;3.9;234;0.49;0.57;0.7;0.8;71;-10;-18;28;9;44;41;4.3;80;24;1.9;21.3;-21;7;1.99;-33.7;-11.6;-22.4;-20.3;-20.9;-22.6;;;;;;;;;;;;;;;;;;;;;;;;;;;;;;;;;;;;;;;;;;;;;;;;;
CAR19_98_000013;01/05/1954;male;;;;;;;;;;;;;;;;;;;;;;;;;;;;;;;;;;;;;0.69;6.02;173;0.68;0.99;0.9;0.9;60;-15;-13;28;14;142;132;5.7;189;75;2.4;21.4;-20;13;2.24;-16.2;-14.3;-15.6;-20.6;-18.5;-20.9;;;;;;;;;;;;;;;;;;;;;;;;;;;;;;;;;;;;;;;;;;;;;;;;;
CAR19_98_000014;01/02/1966;female;;;;;;;;;;;;;;;;;;;;;;;;;;;;;;;;;;;;;;;;;;;;;;;;;;;;;;;;;;;;;;;;;;;;;;;;;;;;;;;;;;;;;;;;;;;;;;;;;;;;;;;;;;;;;;;;;
CAR19_98_000015;01/01/1966;female;;;;;;;;;;;;;;;;;;;;;;;;;;;;;;;;;;;;;0.86;3.6;189;0.67;0.78;0.8;0.8;56;-14;-18;32;10;57;50;4.4;103;45;2.2;18.1;-22;8;;-21;-10.5;-8.9;-17.9;-18.8;-18.2;;;;;;;;;;;;;;;;;;;;;;;;;;;;;;;;;;;;;;;;;;;;;;;;;
CAR19_98_000016;01/02/1957;male;;;;;;;;;;;;;;;;;;;;;;;;;;;;;;;;;;;;;0.72;3.58;213;0.55;0.77;1.1;0.9;55;-18;-17;36;13;62;58;5.1;120;55;2.3;17.1;-22;8;2.24;-13.8;-10.5;-6.1;-19.6;-18.5;-18.8;;;;;;;;;;;;;;;;;;;;;;;;;;;;;;;;;;;;;;;;;;;;;;;;;
